[{
	"index": 1,
	"type": "Armor",
	"name": "Light armor",
	"classes": [{
		"url": "http://www.dnd5eapi.co/api/classes/1",
		"name": "Barbarian"
	}, {
		"url": "http://www.dnd5eapi.co/api/classes/2",
		"name": "Bard"
	}, {
		"url": "http://www.dnd5eapi.co/api/classes/3",
		"name": "Cleric"
	}, {
		"url": "http://www.dnd5eapi.co/api/classes/4",
		"name": "Druid"
	}, {
		"url": "http://www.dnd5eapi.co/api/classes/8",
		"name": "Ranger"
	}, {
		"url": "http://www.dnd5eapi.co/api/classes/9",
		"name": "Rogue"
	}, {
		"url": "http://www.dnd5eapi.co/api/classes/11",
		"name": "Warlock"
	}],
	"races": [],
	"url": "http://www.dnd5eapi.co/api/proficiencies/1"
}, {
	"index": 2,
	"type": "Armor",
	"name": "Medium armor",
	"classes": [{
		"url": "http://www.dnd5eapi.co/api/classes/1",
		"name": "Barbarian"
	}, {
		"url": "http://www.dnd5eapi.co/api/classes/3",
		"name": "Cleric"
	}, {
		"url": "http://www.dnd5eapi.co/api/classes/4",
		"name": "Druid"
	}, {
		"url": "http://www.dnd5eapi.co/api/classes/8",
		"name": "Ranger"
	}],
	"races": [],
	"url": "http://www.dnd5eapi.co/api/proficiencies/2"
}, {
	"index": 3,
	"type": "Armor",
	"name": "Heavy armor",
	"classes": [],
	"races": [],
	"url": "http://www.dnd5eapi.co/api/proficiencies/3"
}, {
	"index": 4,
	"type": "Armor",
	"name": "All armor",
	"classes": [{
		"url": "http://www.dnd5eapi.co/api/classes/5",
		"name": "Fighter"
	}, {
		"url": "http://www.dnd5eapi.co/api/classes/7",
		"name": "Paladin"
	}],
	"races": [],
	"url": "http://www.dnd5eapi.co/api/proficiencies/4"
}, {
	"index": 5,
	"type": "Armor",
	"name": "Padded",
	"classes": [],
	"races": [],
	"url": "http://www.dnd5eapi.co/api/proficiencies/5"
}, {
	"index": 6,
	"type": "Armor",
	"name": "Leather",
	"classes": [],
	"races": [],
	"url": "http://www.dnd5eapi.co/api/proficiencies/6"
}, {
	"index": 7,
	"type": "Armor",
	"name": "Studded Leather",
	"classes": [],
	"races": [],
	"url": "http://www.dnd5eapi.co/api/proficiencies/7"
}, {
	"index": 8,
	"type": "Armor",
	"name": "Hide",
	"classes": [],
	"races": [],
	"url": "http://www.dnd5eapi.co/api/proficiencies/8"
}, {
	"index": 9,
	"type": "Armor",
	"name": "Chain Shirt",
	"classes": [],
	"races": [],
	"url": "http://www.dnd5eapi.co/api/proficiencies/9"
}, {
	"index": 10,
	"type": "Armor",
	"name": "Scale Mail",
	"classes": [],
	"races": [],
	"url": "http://www.dnd5eapi.co/api/proficiencies/10"
}, {
	"index": 11,
	"type": "Armor",
	"name": "Breastplate",
	"classes": [],
	"races": [],
	"url": "http://www.dnd5eapi.co/api/proficiencies/11"
}, {
	"index": 12,
	"type": "Armor",
	"name": "Half Plate",
	"classes": [],
	"races": [],
	"url": "http://www.dnd5eapi.co/api/proficiencies/12"
}, {
	"index": 13,
	"type": "Armor",
	"name": "Ring Mail",
	"classes": [],
	"races": [],
	"url": "http://www.dnd5eapi.co/api/proficiencies/13"
}, {
	"index": 14,
	"type": "Armor",
	"name": "Chain Mail",
	"classes": [],
	"races": [],
	"url": "http://www.dnd5eapi.co/api/proficiencies/14"
}, {
	"index": 15,
	"type": "Armor",
	"name": "Splint",
	"classes": [],
	"races": [],
	"url": "http://www.dnd5eapi.co/api/proficiencies/15"
}, {
	"index": 16,
	"type": "Armor",
	"name": "Plate",
	"classes": [],
	"races": [],
	"url": "http://www.dnd5eapi.co/api/proficiencies/16"
}, {
	"index": 17,
	"type": "Armor",
	"name": "Shield",
	"classes": [],
	"races": [],
	"url": "http://www.dnd5eapi.co/api/proficiencies/17"
}, {
	"index": 18,
	"type": "Armor",
	"name": "Shields",
	"classes": [{
		"url": "http://www.dnd5eapi.co/api/classes/1",
		"name": "Barbarian"
	}, {
		"url": "http://www.dnd5eapi.co/api/classes/3",
		"name": "Cleric"
	}, {
		"url": "http://www.dnd5eapi.co/api/classes/4",
		"name": "Druid"
	}, {
		"url": "http://www.dnd5eapi.co/api/classes/5",
		"name": "Fighter"
	}, {
		"url": "http://www.dnd5eapi.co/api/classes/7",
		"name": "Paladin"
	}, {
		"url": "http://www.dnd5eapi.co/api/classes/8",
		"name": "Ranger"
	}],
	"races": [],
	"url": "http://www.dnd5eapi.co/api/proficiencies/18"
}, {
	"index": 19,
	"type": "Weapons",
	"name": "Simple weapons",
	"classes": [{
		"url": "http://www.dnd5eapi.co/api/classes/1",
		"name": "Barbarian"
	}, {
		"url": "http://www.dnd5eapi.co/api/classes/2",
		"name": "Bard"
	}, {
		"url": "http://www.dnd5eapi.co/api/classes/3",
		"name": "Cleric"
	}, {
		"url": "http://www.dnd5eapi.co/api/classes/5",
		"name": "Fighter"
	}, {
		"url": "http://www.dnd5eapi.co/api/classes/6",
		"name": "Monk"
	}, {
		"url": "http://www.dnd5eapi.co/api/classes/7",
		"name": "Paladin"
	}, {
		"url": "http://www.dnd5eapi.co/api/classes/8",
		"name": "Ranger"
	}, {
		"url": "http://www.dnd5eapi.co/api/classes/9",
		"name": "Rogue"
	}, {
		"url": "http://www.dnd5eapi.co/api/classes/11",
		"name": "Warlock"
	}],
	"races": [],
	"url": "http://www.dnd5eapi.co/api/proficiencies/19"
}, {
	"index": 20,
	"type": "Weapons",
	"name": "Martial weapons",
	"classes": [{
		"url": "http://www.dnd5eapi.co/api/classes/1",
		"name": "Barbarian"
	}, {
		"url": "http://www.dnd5eapi.co/api/classes/5",
		"name": "Fighter"
	}, {
		"url": "http://www.dnd5eapi.co/api/classes/7",
		"name": "Paladin"
	}, {
		"url": "http://www.dnd5eapi.co/api/classes/8",
		"name": "Ranger"
	}],
	"races": [],
	"url": "http://www.dnd5eapi.co/api/proficiencies/20"
}, {
	"index": 21,
	"type": "Weapons",
	"name": "Clubs",
	"classes": [{
		"url": "http://www.dnd5eapi.co/api/classes/4",
		"name": "Druid"
	}],
	"races": [],
	"url": "http://www.dnd5eapi.co/api/proficiencies/21"
}, {
	"index": 22,
	"type": "Weapons",
	"name": "Daggers",
	"classes": [{
		"url": "http://www.dnd5eapi.co/api/classes/4",
		"name": "Druid"
	}, {
		"url": "http://www.dnd5eapi.co/api/classes/10",
		"name": "Sorcerer"
	}, {
		"url": "http://www.dnd5eapi.co/api/classes/12",
		"name": "Wizard"
	}],
	"races": [],
	"url": "http://www.dnd5eapi.co/api/proficiencies/22"
}, {
	"index": 23,
	"type": "Weapons",
	"name": "Greatclubs",
	"classes": [],
	"races": [],
	"url": "http://www.dnd5eapi.co/api/proficiencies/23"
}, {
	"index": 24,
	"type": "Weapons",
	"name": "Handaxes",
	"classes": [],
	"races": [{
		"url": "http://www.dnd5eapi.co/api/races/1",
		"name": "Dwarf"
	}],
	"url": "http://www.dnd5eapi.co/api/proficiencies/24"
}, {
	"index": 25,
	"type": "Weapons",
	"name": "Javelins",
	"classes": [{
		"url": "http://www.dnd5eapi.co/api/classes/4",
		"name": "Druid"
	}],
	"races": [],
	"url": "http://www.dnd5eapi.co/api/proficiencies/25"
}, {
	"index": 26,
	"type": "Weapons",
	"name": "Light hammers",
	"classes": [],
	"races": [{
		"url": "http://www.dnd5eapi.co/api/races/1",
		"name": "Dwarf"
	}],
	"url": "http://www.dnd5eapi.co/api/proficiencies/26"
}, {
	"index": 27,
	"type": "Weapons",
	"name": "Maces",
	"classes": [{
		"url": "http://www.dnd5eapi.co/api/classes/4",
		"name": "Druid"
	}],
	"races": [],
	"url": "http://www.dnd5eapi.co/api/proficiencies/27"
}, {
	"index": 28,
	"type": "Weapons",
	"name": "Quarterstaffs",
	"classes": [{
		"url": "http://www.dnd5eapi.co/api/classes/4",
		"name": "Druid"
	}, {
		"url": "http://www.dnd5eapi.co/api/classes/10",
		"name": "Sorcerer"
	}, {
		"url": "http://www.dnd5eapi.co/api/classes/12",
		"name": "Wizard"
	}],
	"races": [],
	"url": "http://www.dnd5eapi.co/api/proficiencies/28"
}, {
	"index": 29,
	"type": "Weapons",
	"name": "Sickles",
	"classes": [{
		"url": "http://www.dnd5eapi.co/api/classes/4",
		"name": "Druid"
	}],
	"races": [],
	"url": "http://www.dnd5eapi.co/api/proficiencies/29"
}, {
	"index": 30,
	"type": "Weapons",
	"name": "Spears",
	"classes": [{
		"url": "http://www.dnd5eapi.co/api/classes/4",
		"name": "Druid"
	}],
	"races": [],
	"url": "http://www.dnd5eapi.co/api/proficiencies/30"
}, {
	"index": 31,
	"type": "Weapons",
	"name": "Crossbows, light",
	"classes": [],
	"races": [],
	"url": "http://www.dnd5eapi.co/api/proficiencies/31"
}, {
	"index": 32,
	"type": "Weapons",
	"name": "Darts",
	"classes": [{
		"url": "http://www.dnd5eapi.co/api/classes/4",
		"name": "Druid"
	}, {
		"url": "http://www.dnd5eapi.co/api/classes/10",
		"name": "Sorcerer"
	}, {
		"url": "http://www.dnd5eapi.co/api/classes/12",
		"name": "Wizard"
	}],
	"races": [],
	"url": "http://www.dnd5eapi.co/api/proficiencies/32"
}, {
	"index": 33,
	"type": "Weapons",
	"name": "Shortbows",
	"classes": [],
	"races": [{
		"url": "http://www.dnd5eapi.co/api/subraces/2",
		"name": "High Elf"
	}],
	"url": "http://www.dnd5eapi.co/api/proficiencies/33"
}, {
	"index": 34,
	"type": "Weapons",
	"name": "Slings",
	"classes": [{
		"url": "http://www.dnd5eapi.co/api/classes/4",
		"name": "Druid"
	}, {
		"url": "http://www.dnd5eapi.co/api/classes/10",
		"name": "Sorcerer"
	}, {
		"url": "http://www.dnd5eapi.co/api/classes/12",
		"name": "Wizard"
	}],
	"races": [],
	"url": "http://www.dnd5eapi.co/api/proficiencies/34"
}, {
	"index": 35,
	"type": "Weapons",
	"name": "Battleaxes",
	"classes": [],
	"races": [{
		"url": "http://www.dnd5eapi.co/api/races/1",
		"name": "Dwarf"
	}],
	"url": "http://www.dnd5eapi.co/api/proficiencies/35"
}, {
	"index": 36,
	"type": "Weapons",
	"name": "Flails",
	"classes": [],
	"races": [],
	"url": "http://www.dnd5eapi.co/api/proficiencies/36"
}, {
	"index": 37,
	"type": "Weapons",
	"name": "Glaives",
	"classes": [],
	"races": [],
	"url": "http://www.dnd5eapi.co/api/proficiencies/37"
}, {
	"index": 38,
	"type": "Weapons",
	"name": "Greataxes",
	"classes": [],
	"races": [],
	"url": "http://www.dnd5eapi.co/api/proficiencies/38"
}, {
	"index": 39,
	"type": "Weapons",
	"name": "Greatswords",
	"classes": [],
	"races": [],
	"url": "http://www.dnd5eapi.co/api/proficiencies/39"
}, {
	"index": 40,
	"type": "Weapons",
	"name": "Halberds",
	"classes": [],
	"races": [],
	"url": "http://www.dnd5eapi.co/api/proficiencies/40"
}, {
	"index": 41,
	"type": "Weapons",
	"name": "Lances",
	"classes": [],
	"races": [],
	"url": "http://www.dnd5eapi.co/api/proficiencies/41"
}, {
	"index": 42,
	"type": "Weapons",
	"name": "Longswords",
	"classes": [{
		"url": "http://www.dnd5eapi.co/api/classes/2",
		"name": "Bard"
	}, {
		"url": "http://www.dnd5eapi.co/api/classes/9",
		"name": "Rogue"
	}],
	"races": [{
		"url": "http://www.dnd5eapi.co/api/subraces/2",
		"name": "High Elf"
	}],
	"url": "http://www.dnd5eapi.co/api/proficiencies/42"
}, {
	"index": 43,
	"type": "Weapons",
	"name": "Mauls",
	"classes": [],
	"races": [],
	"url": "http://www.dnd5eapi.co/api/proficiencies/43"
}, {
	"index": 44,
	"type": "Weapons",
	"name": "Morningstars",
	"classes": [],
	"races": [],
	"url": "http://www.dnd5eapi.co/api/proficiencies/44"
}, {
	"index": 45,
	"type": "Weapons",
	"name": "Pikes",
	"classes": [],
	"races": [],
	"url": "http://www.dnd5eapi.co/api/proficiencies/45"
}, {
	"index": 46,
	"type": "Weapons",
	"name": "Rapiers",
	"classes": [{
		"url": "http://www.dnd5eapi.co/api/classes/2",
		"name": "Bard"
	}, {
		"url": "http://www.dnd5eapi.co/api/classes/9",
		"name": "Rogue"
	}],
	"races": [],
	"url": "http://www.dnd5eapi.co/api/proficiencies/46"
}, {
	"index": 47,
	"type": "Weapons",
	"name": "Scimitars",
	"classes": [{
		"url": "http://www.dnd5eapi.co/api/classes/4",
		"name": "Druid"
	}],
	"races": [],
	"url": "http://www.dnd5eapi.co/api/proficiencies/47"
}, {
	"index": 48,
	"type": "Weapons",
	"name": "Shortswords",
	"classes": [{
		"url": "http://www.dnd5eapi.co/api/classes/2",
		"name": "Bard"
	}, {
		"url": "http://www.dnd5eapi.co/api/classes/6",
		"name": "Monk"
	}, {
		"url": "http://www.dnd5eapi.co/api/classes/9",
		"name": "Rogue"
	}],
	"races": [{
		"url": "http://www.dnd5eapi.co/api/subraces/2",
		"name": "High Elf"
	}],
	"url": "http://www.dnd5eapi.co/api/proficiencies/48"
}, {
	"index": 49,
	"type": "Weapons",
	"name": "Tridents",
	"classes": [],
	"races": [],
	"url": "http://www.dnd5eapi.co/api/proficiencies/49"
}, {
	"index": 50,
	"type": "Weapons",
	"name": "War picks",
	"classes": [],
	"races": [],
	"url": "http://www.dnd5eapi.co/api/proficiencies/50"
}, {
	"index": 51,
	"type": "Weapons",
	"name": "Warhammers",
	"classes": [],
	"races": [{
		"url": "http://www.dnd5eapi.co/api/races/1",
		"name": "Dwarf"
	}],
	"url": "http://www.dnd5eapi.co/api/proficiencies/51"
}, {
	"index": 52,
	"type": "Weapons",
	"name": "Whips",
	"classes": [],
	"races": [],
	"url": "http://www.dnd5eapi.co/api/proficiencies/52"
}, {
	"index": 53,
	"type": "Weapons",
	"name": "Blowguns",
	"classes": [],
	"races": [],
	"url": "http://www.dnd5eapi.co/api/proficiencies/53"
}, {
	"index": 54,
	"type": "Weapons",
	"name": "Crossbows, hand",
	"classes": [{
		"url": "http://www.dnd5eapi.co/api/classes/2",
		"name": "Bard"
	}, {
		"url": "http://www.dnd5eapi.co/api/classes/9",
		"name": "Rogue"
	}],
	"races": [],
	"url": "http://www.dnd5eapi.co/api/proficiencies/54"
}, {
	"index": 55,
	"type": "Weapons",
	"name": "Crossbows, heavy",
	"classes": [],
	"races": [],
	"url": "http://www.dnd5eapi.co/api/proficiencies/55"
}, {
	"index": 56,
	"type": "Weapons",
	"name": "Longbows",
	"classes": [],
	"races": [{
		"url": "http://www.dnd5eapi.co/api/subraces/2",
		"name": "High Elf"
	}],
	"url": "http://www.dnd5eapi.co/api/proficiencies/56"
}, {
	"index": 57,
	"type": "Weapons",
	"name": "Nets",
	"classes": [],
	"races": [],
	"url": "http://www.dnd5eapi.co/api/proficiencies/57"
}, {
	"index": 58,
	"type": "Artisan's Tools",
	"name": "Alchemist's supplies",
	"classes": [],
	"races": [],
	"url": "http://www.dnd5eapi.co/api/proficiencies/58"
}, {
	"index": 59,
	"type": "Artisan's Tools",
	"name": "Brewer's supplies",
	"classes": [],
	"races": [],
	"url": "http://www.dnd5eapi.co/api/proficiencies/59"
}, {
	"index": 60,
	"type": "Artisan's Tools",
	"name": "Calligrapher's supplies",
	"classes": [],
	"races": [],
	"url": "http://www.dnd5eapi.co/api/proficiencies/60"
}, {
	"index": 61,
	"type": "Artisan's Tools",
	"name": "Carpenter's tools",
	"classes": [],
	"races": [],
	"url": "http://www.dnd5eapi.co/api/proficiencies/61"
}, {
	"index": 62,
	"type": "Artisan's Tools",
	"name": "Cartographer's tools",
	"classes": [],
	"races": [],
	"url": "http://www.dnd5eapi.co/api/proficiencies/62"
}, {
	"index": 63,
	"type": "Artisan's Tools",
	"name": "Cobbler's tools",
	"classes": [],
	"races": [],
	"url": "http://www.dnd5eapi.co/api/proficiencies/63"
}, {
	"index": 64,
	"type": "Artisan's Tools",
	"name": "Cook's utensils",
	"classes": [],
	"races": [],
	"url": "http://www.dnd5eapi.co/api/proficiencies/64"
}, {
	"index": 65,
	"type": "Artisan's Tools",
	"name": "Glassblower's tools",
	"classes": [],
	"races": [],
	"url": "http://www.dnd5eapi.co/api/proficiencies/65"
}, {
	"index": 66,
	"type": "Artisan's Tools",
	"name": "Jeweler's tools",
	"classes": [],
	"races": [],
	"url": "http://www.dnd5eapi.co/api/proficiencies/66"
}, {
	"index": 67,
	"type": "Artisan's Tools",
	"name": "Leatherworker's tools",
	"classes": [],
	"races": [],
	"url": "http://www.dnd5eapi.co/api/proficiencies/67"
}, {
	"index": 68,
	"type": "Artisan's Tools",
	"name": "Mason's tools",
	"classes": [],
	"races": [],
	"url": "http://www.dnd5eapi.co/api/proficiencies/68"
}, {
	"index": 69,
	"type": "Artisan's Tools",
	"name": "Painter's supplies",
	"classes": [],
	"races": [],
	"url": "http://www.dnd5eapi.co/api/proficiencies/69"
}, {
	"index": 70,
	"type": "Artisan's Tools",
	"name": "Potter's tools",
	"classes": [],
	"races": [],
	"url": "http://www.dnd5eapi.co/api/proficiencies/70"
}, {
	"index": 71,
	"type": "Artisan's Tools",
	"name": "Smith's tools",
	"classes": [],
	"races": [],
	"url": "http://www.dnd5eapi.co/api/proficiencies/71"
}, {
	"index": 72,
	"type": "Artisan's Tools",
	"name": "Tinker's tools",
	"classes": [],
	"races": [],
	"url": "http://www.dnd5eapi.co/api/proficiencies/72"
}, {
	"index": 73,
	"type": "Artisan's Tools",
	"name": "Weaver's tools",
	"classes": [],
	"races": [],
	"url": "http://www.dnd5eapi.co/api/proficiencies/73"
}, {
	"index": 74,
	"type": "Artisan's Tools",
	"name": "Woodcarver's tools",
	"classes": [],
	"races": [],
	"url": "http://www.dnd5eapi.co/api/proficiencies/74"
}, {
	"index": 75,
	"type": "Artisan's Tools",
	"name": "Disguise kit",
	"classes": [],
	"races": [],
	"url": "http://www.dnd5eapi.co/api/proficiencies/75"
}, {
	"index": 76,
	"type": "Artisan's Tools",
	"name": "Forgery kit",
	"classes": [],
	"races": [],
	"url": "http://www.dnd5eapi.co/api/proficiencies/76"
}, {
	"index": 77,
	"type": "Gaming Sets",
	"name": "Dice Set",
	"classes": [],
	"races": [],
	"url": "http://www.dnd5eapi.co/api/proficiencies/77"
}, {
	"index": 78,
	"type": "Gaming Sets",
	"name": "Dragonchess set",
	"classes": [],
	"races": [],
	"url": "http://www.dnd5eapi.co/api/proficiencies/78"
}, {
	"index": 79,
	"type": "Gaming Sets",
	"name": "Playing card set",
	"classes": [],
	"races": [],
	"url": "http://www.dnd5eapi.co/api/proficiencies/79"
}, {
	"index": 80,
	"type": "Gaming Sets",
	"name": "Three-Dragon Ante set",
	"classes": [],
	"races": [],
	"url": "http://www.dnd5eapi.co/api/proficiencies/80"
}, {
	"index": 81,
	"type": "Musical Instruments",
	"name": "Bagpipes",
	"classes": [],
	"races": [],
	"url": "http://www.dnd5eapi.co/api/proficiencies/81"
}, {
	"index": 82,
	"type": "Musical Instruments",
	"name": "Drum",
	"classes": [],
	"races": [],
	"url": "http://www.dnd5eapi.co/api/proficiencies/82"
}, {
	"index": 83,
	"type": "Musical Instruments",
	"name": "Dulcimer",
	"classes": [],
	"races": [],
	"url": "http://www.dnd5eapi.co/api/proficiencies/83"
}, {
	"index": 84,
	"type": "Musical Instruments",
	"name": "Flute",
	"classes": [],
	"races": [],
	"url": "http://www.dnd5eapi.co/api/proficiencies/84"
}, {
	"index": 85,
	"type": "Musical Instruments",
	"name": "Lute",
	"classes": [],
	"races": [],
	"url": "http://www.dnd5eapi.co/api/proficiencies/85"
}, {
	"index": 86,
	"type": "Musical Instruments",
	"name": "Lyre",
	"classes": [],
	"races": [],
	"url": "http://www.dnd5eapi.co/api/proficiencies/86"
}, {
	"index": 87,
	"type": "Musical Instruments",
	"name": "Horn",
	"classes": [],
	"races": [],
	"url": "http://www.dnd5eapi.co/api/proficiencies/87"
}, {
	"index": 88,
	"type": "Musical Instruments",
	"name": "Pan flute",
	"classes": [],
	"races": [],
	"url": "http://www.dnd5eapi.co/api/proficiencies/88"
}, {
	"index": 89,
	"type": "Musical Instruments",
	"name": "Shawm",
	"classes": [],
	"races": [],
	"url": "http://www.dnd5eapi.co/api/proficiencies/89"
}, {
	"index": 90,
	"type": "Musical Instruments",
	"name": "Viol",
	"classes": [],
	"races": [],
	"url": "http://www.dnd5eapi.co/api/proficiencies/90"
}, {
	"index": 91,
	"type": "Other",
	"name": "Disguise Kit",
	"classes": [],
	"races": [],
	"url": "http://www.dnd5eapi.co/api/proficiencies/91"
}, {
	"index": 92,
	"type": "Other",
	"name": "Forgery Kit",
	"classes": [],
	"races": [],
	"url": "http://www.dnd5eapi.co/api/proficiencies/92"
}, {
	"index": 93,
	"type": "Other",
	"name": "Herbalism Kit",
	"classes": [{
		"url": "http://www.dnd5eapi.co/api/classes/4",
		"name": "Druid"
	}],
	"races": [],
	"url": "http://www.dnd5eapi.co/api/proficiencies/93"
}, {
	"index": 94,
	"type": "Other",
	"name": "Navigator's Tools",
	"classes": [],
	"races": [],
	"url": "http://www.dnd5eapi.co/api/proficiencies/94"
}, {
	"index": 95,
	"type": "Other",
	"name": "Poisoner's Kit",
	"classes": [],
	"races": [],
	"url": "http://www.dnd5eapi.co/api/proficiencies/95"
}, {
	"index": 96,
	"type": "Other",
	"name": "Thieves' Tools",
	"classes": [{
		"url": "http://www.dnd5eapi.co/api/classes/9",
		"name": "Rogue"
	}],
	"races": [],
	"url": "http://www.dnd5eapi.co/api/proficiencies/96"
}, {
	"index": 97,
	"type": "Vehicles",
	"name": "Land Vehicles",
	"classes": [],
	"races": [],
	"url": "http://www.dnd5eapi.co/api/proficiencies/97"
}, {
	"index": 98,
	"type": "Vehicles",
	"name": "Water Vehicles",
	"classes": [],
	"races": [],
	"url": "http://www.dnd5eapi.co/api/proficiencies/98"
}, {
	"index": 99,
	"type": "Saving Throws",
	"name": "Saving Throw: STR",
	"classes": [{
		"url": "http://www.dnd5eapi.co/api/classes/1",
		"name": "Barbarian"
	}, {
		"url": "http://www.dnd5eapi.co/api/classes/5",
		"name": "Fighter"
	}, {
		"url": "http://www.dnd5eapi.co/api/classes/6",
		"name": "Monk"
	}, {
		"url": "http://www.dnd5eapi.co/api/classes/8",
		"name": "Ranger"
	}],
	"races": [],
	"url": "http://www.dnd5eapi.co/api/proficiencies/99"
}, {
	"index": 100,
	"type": "Saving Throws",
	"name": "Saving Throw: DEX",
	"classes": [{
		"url": "http://www.dnd5eapi.co/api/classes/2",
		"name": "Bard"
	}, {
		"url": "http://www.dnd5eapi.co/api/classes/6",
		"name": "Monk"
	}, {
		"url": "http://www.dnd5eapi.co/api/classes/8",
		"name": "Ranger"
	}, {
		"url": "http://www.dnd5eapi.co/api/classes/9",
		"name": "Rogue"
	}],
	"races": [],
	"url": "http://www.dnd5eapi.co/api/proficiencies/100"
}, {
	"index": 101,
	"type": "Saving Throws",
	"name": "Saving Throw: CON",
	"classes": [{
		"url": "http://www.dnd5eapi.co/api/classes/1",
		"name": "Barbarian"
	}, {
		"url": "http://www.dnd5eapi.co/api/classes/5",
		"name": "Fighter"
	}, {
		"url": "http://www.dnd5eapi.co/api/classes/10",
		"name": "Sorcerer"
	}],
	"races": [],
	"url": "http://www.dnd5eapi.co/api/proficiencies/101"
}, {
	"index": 102,
	"type": "Saving Throws",
	"name": "Saving Throw: INT",
	"classes": [{
		"url": "http://www.dnd5eapi.co/api/classes/4",
		"name": "Druid"
	}, {
		"url": "http://www.dnd5eapi.co/api/classes/9",
		"name": "Rogue"
	}, {
		"url": "http://www.dnd5eapi.co/api/classes/12",
		"name": "Wizard"
	}],
	"races": [],
	"url": "http://www.dnd5eapi.co/api/proficiencies/102"
}, {
	"index": 103,
	"type": "Saving Throws",
	"name": "Saving Throw: WIS",
	"classes": [{
		"url": "http://www.dnd5eapi.co/api/classes/3",
		"name": "Cleric"
	}, {
		"url": "http://www.dnd5eapi.co/api/classes/4",
		"name": "Druid"
	}, {
		"url": "http://www.dnd5eapi.co/api/classes/7",
		"name": "Paladin"
	}, {
		"url": "http://www.dnd5eapi.co/api/classes/11",
		"name": "Warlock"
	}, {
		"url": "http://www.dnd5eapi.co/api/classes/12",
		"name": "Wizard"
	}],
	"races": [],
	"url": "http://www.dnd5eapi.co/api/proficiencies/103"
}, {
	"index": 104,
	"type": "Saving Throws",
	"name": "Saving Throw: CHA",
	"classes": [{
		"url": "http://www.dnd5eapi.co/api/classes/2",
		"name": "Bard"
	}, {
		"url": "http://www.dnd5eapi.co/api/classes/3",
		"name": "Cleric"
	}, {
		"url": "http://www.dnd5eapi.co/api/classes/7",
		"name": "Paladin"
	}, {
		"url": "http://www.dnd5eapi.co/api/classes/10",
		"name": "Sorcerer"
	}, {
		"url": "http://www.dnd5eapi.co/api/classes/11",
		"name": "Warlock"
	}],
	"races": [],
	"url": "http://www.dnd5eapi.co/api/proficiencies/104"
}, {
	"index": 105,
	"type": "Skills",
	"name": "Skill: Acrobatics",
	"classes": [],
	"races": [],
	"url": "http://www.dnd5eapi.co/api/proficiencies/105"
}, {
	"index": 106,
	"type": "Skills",
	"name": "Skill: Animal Handling",
	"classes": [],
	"races": [],
	"url": "http://www.dnd5eapi.co/api/proficiencies/106"
}, {
	"index": 107,
	"type": "Skills",
	"name": "Skill: Arcana",
	"classes": [],
	"races": [],
	"url": "http://www.dnd5eapi.co/api/proficiencies/107"
}, {
	"index": 108,
	"type": "Skills",
	"name": "Skill: Athletics",
	"classes": [],
	"races": [],
	"url": "http://www.dnd5eapi.co/api/proficiencies/108"
}, {
	"index": 109,
	"type": "Skills",
	"name": "Skill: Deception",
	"classes": [],
	"races": [],
	"url": "http://www.dnd5eapi.co/api/proficiencies/109"
}, {
	"index": 110,
	"type": "Skills",
	"name": "Skill: History",
	"classes": [],
	"races": [],
	"url": "http://www.dnd5eapi.co/api/proficiencies/110"
}, {
	"index": 111,
	"type": "Skills",
	"name": "Skill: Insight",
	"classes": [],
	"races": [],
	"url": "http://www.dnd5eapi.co/api/proficiencies/111"
}, {
	"index": 112,
	"type": "Skills",
	"name": "Skill: Intimidation",
	"classes": [],
	"races": [],
	"url": "http://www.dnd5eapi.co/api/proficiencies/112"
}, {
	"index": 113,
	"type": "Skills",
	"name": "Skill: Investigation",
	"classes": [],
	"races": [],
	"url": "http://www.dnd5eapi.co/api/proficiencies/113"
}, {
	"index": 114,
	"type": "Skills",
	"name": "Skill: Medicine",
	"classes": [],
	"races": [],
	"url": "http://www.dnd5eapi.co/api/proficiencies/114"
}, {
	"index": 115,
	"type": "Skills",
	"name": "Skill: Nature",
	"classes": [],
	"races": [],
	"url": "http://www.dnd5eapi.co/api/proficiencies/115"
}, {
	"index": 116,
	"type": "Skills",
	"name": "Skill: Perception",
	"classes": [],
	"races": [{
		"url": "http://www.dnd5eapi.co/api/races/2",
		"name": "Elf"
	}],
	"url": "http://www.dnd5eapi.co/api/proficiencies/116"
}, {
	"index": 117,
	"type": "Skills",
	"name": "Skill: Performance",
	"classes": [],
	"races": [],
	"url": "http://www.dnd5eapi.co/api/proficiencies/117"
}, {
	"index": 118,
	"type": "Skills",
	"name": "Skill: Persuasion",
	"classes": [],
	"races": [],
	"url": "http://www.dnd5eapi.co/api/proficiencies/118"
}, {
	"index": 119,
	"type": "Skills",
	"name": "Skill: Religion",
	"classes": [],
	"races": [],
	"url": "http://www.dnd5eapi.co/api/proficiencies/119"
}, {
	"index": 120,
	"type": "Skills",
	"name": "Skill: Sleight of Hand",
	"classes": [],
	"races": [],
	"url": "http://www.dnd5eapi.co/api/proficiencies/120"
}, {
	"index": 121,
	"type": "Skills",
	"name": "Skill: Stealth",
	"classes": [],
	"races": [],
	"url": "http://www.dnd5eapi.co/api/proficiencies/121"
}, {
	"index": 122,
	"type": "Skills",
	"name": "Skill: Survival",
	"classes": [],
	"races": [],
	"url": "http://www.dnd5eapi.co/api/proficiencies/122"
}]
