[
	{
		"index": 1,
		"name": "Barbarian",
		"hit_die": 12,
		"proficiency_choices": [
			{
				"choose": 2,
				"type": "proficiencies",
				"from": [
					{
						"url": "http://www.dnd5eapi.co/api/proficiencies/106",
						"name": "Skill: Animal Handling"
					},
					{
						"url": "http://www.dnd5eapi.co/api/proficiencies/108",
						"name": "Skill: Athletics"
					},
					{
						"url": "http://www.dnd5eapi.co/api/proficiencies/112",
						"name": "Skill: Intimidation"
					},
					{
						"url": "http://www.dnd5eapi.co/api/proficiencies/115",
						"name": "Skill: Nature"
					},
					{
						"url": "http://www.dnd5eapi.co/api/proficiencies/116",
						"name": "Skill: Perception"
					},
					{
						"url": "http://www.dnd5eapi.co/api/proficiencies/122",
						"name": "Skill: Survival"
					}
				]
			}
		],
		"proficiencies": [
			{
				"name": "Light armor",
				"url": "http://www.dnd5eapi.co/api/proficiencies/1"
			},
			{
				"name": "Medium armor",
				"url": "http://www.dnd5eapi.co/api/proficiencies/2"
			},
			{
				"name": "Shields",
				"url": "http://www.dnd5eapi.co/api/proficiencies/18"
			},
			{
				"name": "Simple weapons",
				"url": "http://www.dnd5eapi.co/api/proficiencies/19"
			},
			{
				"name": "Martial weapons",
				"url": "http://www.dnd5eapi.co/api/proficiencies/20"
			}
		],
		"saving_throws": [
			{
				"name": "STR",
				"url": "http://www.dnd5eapi.co/api/ability-scores/1"
			},
			{
				"name": "CON",
				"url": "http://www.dnd5eapi.co/api/ability-scores/3"
			}
		],
		"starting_equipment": {
			"url": "http://www.dnd5eapi.co/api/startingequipment/1",
			"class": "Barbarian"
		},
		"class_levels": {
			"url": "http://www.dnd5eapi.co/api/classes/barbarian/levels",
			"class": "Barbarian"
		},
		"subclasses": [
			{
				"url": "http://www.dnd5eapi.co/api/subclasses/1",
				"name": "Berserker"
			}
		],
		"spellcasting": {
			
		},
		"url": "http://www.dnd5eapi.co/api/classes/1"
	},
	{
		"index": 2,
		"name": "Bard",
		"hit_die": 8,
		"proficiency_choices": [
			{
				"choose": 3,
				"type": "proficiencies",
				"from": [
					{
						"url": "http://www.dnd5eapi.co/api/proficiencies/105",
						"name": "Skill: Acrobatics"
					},
					{
						"url": "http://www.dnd5eapi.co/api/proficiencies/106",
						"name": "Skill: Animal Handling"
					},
					{
						"url": "http://www.dnd5eapi.co/api/proficiencies/107",
						"name": "Skill: Arcana"
					},
					{
						"url": "http://www.dnd5eapi.co/api/proficiencies/108",
						"name": "Skill: Athletics"
					},
					{
						"url": "http://www.dnd5eapi.co/api/proficiencies/109",
						"name": "Skill: Deception"
					},
					{
						"url": "http://www.dnd5eapi.co/api/proficiencies/110",
						"name": "Skill: History"
					},
					{
						"url": "http://www.dnd5eapi.co/api/proficiencies/111",
						"name": "Skill: Insight"
					},
					{
						"url": "http://www.dnd5eapi.co/api/proficiencies/112",
						"name": "Skill: Intimidation"
					},
					{
						"url": "http://www.dnd5eapi.co/api/proficiencies/113",
						"name": "Skill: Investigation"
					},
					{
						"url": "http://www.dnd5eapi.co/api/proficiencies/114",
						"name": "Skill: Medicine"
					},
					{
						"url": "http://www.dnd5eapi.co/api/proficiencies/115",
						"name": "Skill: Nature"
					},
					{
						"url": "http://www.dnd5eapi.co/api/proficiencies/116",
						"name": "Skill: Perception"
					},
					{
						"url": "http://www.dnd5eapi.co/api/proficiencies/117",
						"name": "Skill: Performance"
					},
					{
						"url": "http://www.dnd5eapi.co/api/proficiencies/118",
						"name": "Skill: Persuasion"
					},
					{
						"url": "http://www.dnd5eapi.co/api/proficiencies/119",
						"name": "Skill: Religion"
					},
					{
						"url": "http://www.dnd5eapi.co/api/proficiencies/120",
						"name": "Skill: Sleight of Hand"
					},
					{
						"url": "http://www.dnd5eapi.co/api/proficiencies/121",
						"name": "Skill: Stealth"
					},
					{
						"url": "http://www.dnd5eapi.co/api/proficiencies/122",
						"name": "Skill: Survival"
					}
				]
			},
			{
				"choose": 3,
				"type": "proficiencies",
				"from": [
					{
						"url": "http://www.dnd5eapi.co/api/proficiencies/81",
						"name": "Bagpipes"
					},
					{
						"url": "http://www.dnd5eapi.co/api/proficiencies/82",
						"name": "Drum"
					},
					{
						"url": "http://www.dnd5eapi.co/api/proficiencies/83",
						"name": "Dulcimer"
					},
					{
						"url": "http://www.dnd5eapi.co/api/proficiencies/84",
						"name": "Flute"
					},
					{
						"url": "http://www.dnd5eapi.co/api/proficiencies/85",
						"name": "Lute"
					},
					{
						"url": "http://www.dnd5eapi.co/api/proficiencies/86",
						"name": "Lyre"
					},
					{
						"url": "http://www.dnd5eapi.co/api/proficiencies/87",
						"name": "Horn"
					},
					{
						"url": "http://www.dnd5eapi.co/api/proficiencies/88",
						"name": "Pan flute"
					},
					{
						"url": "http://www.dnd5eapi.co/api/proficiencies/89",
						"name": "Shawm"
					},
					{
						"url": "http://www.dnd5eapi.co/api/proficiencies/90",
						"name": "Viol"
					}
				]
			}
		],
		"proficiencies": [
			{
				"name": "Light armor",
				"url": "http://www.dnd5eapi.co/api/proficiencies/1"
			},
			{
				"name": "Simple weapons",
				"url": "http://www.dnd5eapi.co/api/proficiencies/19"
			},
			{
				"name": "Longswords",
				"url": "http://www.dnd5eapi.co/api/proficiencies/42"
			},
			{
				"name": "Rapiers",
				"url": "http://www.dnd5eapi.co/api/proficiencies/46"
			},
			{
				"name": "Shortswords",
				"url": "http://www.dnd5eapi.co/api/proficiencies/48"
			},
			{
				"name": "Crossbows, hand",
				"url": "http://www.dnd5eapi.co/api/proficiencies/54"
			}
		],
		"saving_throws": [
			{
				"name": "DEX",
				"url": "http://www.dnd5eapi.co/api/ability-scores/2"
			},
			{
				"name": "CHA",
				"url": "http://www.dnd5eapi.co/api/ability-scores/6"
			}
		],
		"starting_equipment": {
			"url": "http://www.dnd5eapi.co/api/startingequipment/2",
			"class": "Bard"
		},
		"class_levels": {
			"url": "http://www.dnd5eapi.co/api/classes/bard/levels",
			"class": "Bard"
		},
		"subclasses": [
			{
				"url": "http://www.dnd5eapi.co/api/subclasses/2",
				"name": "Lore"
			}
		],
		"spellcasting": {
			"url": "http://www.dnd5eapi.co/api/spellcasting/1",
			"class": "Bard"
		},
		"url": "http://www.dnd5eapi.co/api/classes/2"
	},
	{
		"index": 3,
		"name": "Cleric",
		"hit_die": 8,
		"proficiency_choices": [
			{
				"choose": 2,
				"type": "proficiencies",
				"from": [
					{
						"url": "http://www.dnd5eapi.co/api/proficiencies/110",
						"name": "Skill: History"
					},
					{
						"url": "http://www.dnd5eapi.co/api/proficiencies/111",
						"name": "Skill: Insight"
					},
					{
						"url": "http://www.dnd5eapi.co/api/proficiencies/114",
						"name": "Skill: Medicine"
					},
					{
						"url": "http://www.dnd5eapi.co/api/proficiencies/118",
						"name": "Skill: Persuasion"
					},
					{
						"url": "http://www.dnd5eapi.co/api/proficiencies/119",
						"name": "Skill: Religion"
					}
				]
			}
		],
		"proficiencies": [
			{
				"name": "Light armor",
				"url": "http://www.dnd5eapi.co/api/proficiencies/1"
			},
			{
				"name": "Medium armor",
				"url": "http://www.dnd5eapi.co/api/proficiencies/2"
			},
			{
				"name": "Shields",
				"url": "http://www.dnd5eapi.co/api/proficiencies/18"
			},
			{
				"name": "Simple weapons",
				"url": "http://www.dnd5eapi.co/api/proficiencies/19"
			}
		],
		"saving_throws": [
			{
				"name": "WIS",
				"url": "http://www.dnd5eapi.co/api/ability-scores/5"
			},
			{
				"name": "CHA",
				"url": "http://www.dnd5eapi.co/api/ability-scores/6"
			}
		],
		"starting_equipment": {
			"url": "http://www.dnd5eapi.co/api/startingequipment/3",
			"class": "Cleric"
		},
		"class_levels": {
			"url": "http://www.dnd5eapi.co/api/classes/cleric/levels",
			"class": "Cleric"
		},
		"subclasses": [
			{
				"url": "http://www.dnd5eapi.co/api/subclasses/3",
				"name": "Life"
			}
		],
		"spellcasting": {
			"url": "http://www.dnd5eapi.co/api/spellcasting/2",
			"class": "Cleric"
		},
		"url": "http://www.dnd5eapi.co/api/classes/3"
	},
	{
		"index": 4,
		"name": "Druid",
		"hit_die": 8,
		"proficiency_choices": [
			{
				"choose": 2,
				"type": "proficiencies",
				"from": [
					{
						"url": "http://www.dnd5eapi.co/api/proficiencies/106",
						"name": "Skill: Animal Handling"
					},
					{
						"url": "http://www.dnd5eapi.co/api/proficiencies/107",
						"name": "Skill: Arcana"
					},
					{
						"url": "http://www.dnd5eapi.co/api/proficiencies/111",
						"name": "Skill: Insight"
					},
					{
						"url": "http://www.dnd5eapi.co/api/proficiencies/114",
						"name": "Skill: Medicine"
					},
					{
						"url": "http://www.dnd5eapi.co/api/proficiencies/115",
						"name": "Skill: Nature"
					},
					{
						"url": "http://www.dnd5eapi.co/api/proficiencies/116",
						"name": "Skill: Perception"
					},
					{
						"url": "http://www.dnd5eapi.co/api/proficiencies/119",
						"name": "Skill: Religion"
					},
					{
						"url": "http://www.dnd5eapi.co/api/proficiencies/122",
						"name": "Skill: Survival"
					}
				]
			}
		],
		"proficiencies": [
			{
				"name": "Light armor",
				"url": "http://www.dnd5eapi.co/api/proficiencies/1"
			},
			{
				"name": "Medium armor",
				"url": "http://www.dnd5eapi.co/api/proficiencies/2"
			},
			{
				"name": "Shields",
				"url": "http://www.dnd5eapi.co/api/proficiencies/18"
			},
			{
				"name": "Clubs",
				"url": "http://www.dnd5eapi.co/api/proficiencies/21"
			},
			{
				"name": "Daggers",
				"url": "http://www.dnd5eapi.co/api/proficiencies/22"
			},
			{
				"name": "Javelins",
				"url": "http://www.dnd5eapi.co/api/proficiencies/25"
			},
			{
				"name": "Maces",
				"url": "http://www.dnd5eapi.co/api/proficiencies/27"
			},
			{
				"name": "Quarterstaffs",
				"url": "http://www.dnd5eapi.co/api/proficiencies/28"
			},
			{
				"name": "Sickles",
				"url": "http://www.dnd5eapi.co/api/proficiencies/29"
			},
			{
				"name": "Spears",
				"url": "http://www.dnd5eapi.co/api/proficiencies/30"
			},
			{
				"name": "Darts",
				"url": "http://www.dnd5eapi.co/api/proficiencies/32"
			},
			{
				"name": "Slings",
				"url": "http://www.dnd5eapi.co/api/proficiencies/34"
			},
			{
				"name": "Scimitars",
				"url": "http://www.dnd5eapi.co/api/proficiencies/47"
			},
			{
				"name": "Herbalism Kit",
				"url": "http://www.dnd5eapi.co/api/proficiencies/93"
			}
		],
		"saving_throws": [
			{
				"name": "INT",
				"url": "http://www.dnd5eapi.co/api/ability-scores/4"
			},
			{
				"name": "WIS",
				"url": "http://www.dnd5eapi.co/api/ability-scores/5"
			}
		],
		"starting_equipment": {
			"url": "http://www.dnd5eapi.co/api/startingequipment/4",
			"class": "Druid"
		},
		"class_levels": {
			"url": "http://www.dnd5eapi.co/api/classes/druid/levels",
			"class": "Druid"
		},
		"subclasses": [
			{
				"url": "http://www.dnd5eapi.co/api/subclasses/4",
				"name": "Land"
			}
		],
		"spellcasting": {
			"url": "http://www.dnd5eapi.co/api/spellcasting/3",
			"class": "Druid"
		},
		"url": "http://www.dnd5eapi.co/api/classes/4"
	},
	{
		"index": 5,
		"name": "Fighter",
		"hit_die": 10,
		"proficiency_choices": [
			{
				"choose": 2,
				"type": "proficiencies",
				"from": [
					{
						"url": "http://www.dnd5eapi.co/api/proficiencies/105",
						"name": "Skill: Acrobatics"
					},
					{
						"url": "http://www.dnd5eapi.co/api/proficiencies/106",
						"name": "Skill: Animal Handling"
					},
					{
						"url": "http://www.dnd5eapi.co/api/proficiencies/108",
						"name": "Skill: Athletics"
					},
					{
						"url": "http://www.dnd5eapi.co/api/proficiencies/110",
						"name": "Skill: History"
					},
					{
						"url": "http://www.dnd5eapi.co/api/proficiencies/111",
						"name": "Skill: Insight"
					},
					{
						"url": "http://www.dnd5eapi.co/api/proficiencies/112",
						"name": "Skill: Intimidation"
					},
					{
						"url": "http://www.dnd5eapi.co/api/proficiencies/116",
						"name": "Skill: Perception"
					},
					{
						"url": "http://www.dnd5eapi.co/api/proficiencies/122",
						"name": "Skill: Survival"
					}
				]
			}
		],
		"proficiencies": [
			{
				"name": "All armor",
				"url": "http://www.dnd5eapi.co/api/proficiencies/4"
			},
			{
				"name": "Shields",
				"url": "http://www.dnd5eapi.co/api/proficiencies/18"
			},
			{
				"name": "Simple weapons",
				"url": "http://www.dnd5eapi.co/api/proficiencies/19"
			},
			{
				"name": "Martial weapons",
				"url": "http://www.dnd5eapi.co/api/proficiencies/20"
			}
		],
		"saving_throws": [
			{
				"name": "STR",
				"url": "http://www.dnd5eapi.co/api/ability-scores/1"
			},
			{
				"name": "CON",
				"url": "http://www.dnd5eapi.co/api/ability-scores/3"
			}
		],
		"starting_equipment": {
			"url": "http://www.dnd5eapi.co/api/startingequipment/5",
			"class": "Fighter"
		},
		"class_levels": {
			"url": "http://www.dnd5eapi.co/api/classes/fighter/levels",
			"class": "Fighter"
		},
		"subclasses": [
			{
				"url": "http://www.dnd5eapi.co/api/subclasses/5",
				"name": "Champion"
			}
		],
		"spellcasting": {
			
		},
		"url": "http://www.dnd5eapi.co/api/classes/5"
	},
	{
		"index": 6,
		"name": "Monk",
		"hit_die": 8,
		"proficiency_choices": [
			{
				"choose": 1,
				"type": "proficiencies",
				"from": [
					{
						"url": "http://www.dnd5eapi.co/api/proficiencies/58",
						"name": "Alchemist's supplies"
					},
					{
						"url": "http://www.dnd5eapi.co/api/proficiencies/59",
						"name": "Brewer's supplies"
					},
					{
						"url": "http://www.dnd5eapi.co/api/proficiencies/60",
						"name": "Calligrapher's supplies"
					},
					{
						"url": "http://www.dnd5eapi.co/api/proficiencies/61",
						"name": "Carpenter's tools"
					},
					{
						"url": "http://www.dnd5eapi.co/api/proficiencies/62",
						"name": "Cartographer's tools"
					},
					{
						"url": "http://www.dnd5eapi.co/api/proficiencies/63",
						"name": "Cobbler's tools"
					},
					{
						"url": "http://www.dnd5eapi.co/api/proficiencies/64",
						"name": "Cook's utensils"
					},
					{
						"url": "http://www.dnd5eapi.co/api/proficiencies/65",
						"name": "Glassblower's tools"
					},
					{
						"url": "http://www.dnd5eapi.co/api/proficiencies/66",
						"name": "Jeweler's tools"
					},
					{
						"url": "http://www.dnd5eapi.co/api/proficiencies/67",
						"name": "Leatherworker's tools"
					},
					{
						"url": "http://www.dnd5eapi.co/api/proficiencies/68",
						"name": "Mason's tools"
					},
					{
						"url": "http://www.dnd5eapi.co/api/proficiencies/69",
						"name": "Painter's supplies"
					},
					{
						"url": "http://www.dnd5eapi.co/api/proficiencies/70",
						"name": "Potter's tools"
					},
					{
						"url": "http://www.dnd5eapi.co/api/proficiencies/71",
						"name": "Smith's tools"
					},
					{
						"url": "http://www.dnd5eapi.co/api/proficiencies/72",
						"name": "Tinker's tools"
					},
					{
						"url": "http://www.dnd5eapi.co/api/proficiencies/73",
						"name": "Weaver's tools"
					},
					{
						"url": "http://www.dnd5eapi.co/api/proficiencies/74",
						"name": "Woodcarver's tools"
					},
					{
						"url": "http://www.dnd5eapi.co/api/proficiencies/75",
						"name": "Disguise kit"
					},
					{
						"url": "http://www.dnd5eapi.co/api/proficiencies/76",
						"name": "Forgery kit"
					}
				]
			},
			{
				"choose": 1,
				"type": "proficiencies",
				"from": [
					{
						"url": "http://www.dnd5eapi.co/api/proficiencies/81",
						"name": "Bagpipes"
					},
					{
						"url": "http://www.dnd5eapi.co/api/proficiencies/82",
						"name": "Drum"
					},
					{
						"url": "http://www.dnd5eapi.co/api/proficiencies/83",
						"name": "Dulcimer"
					},
					{
						"url": "http://www.dnd5eapi.co/api/proficiencies/84",
						"name": "Flute"
					},
					{
						"url": "http://www.dnd5eapi.co/api/proficiencies/85",
						"name": "Lute"
					},
					{
						"url": "http://www.dnd5eapi.co/api/proficiencies/86",
						"name": "Lyre"
					},
					{
						"url": "http://www.dnd5eapi.co/api/proficiencies/87",
						"name": "Horn"
					},
					{
						"url": "http://www.dnd5eapi.co/api/proficiencies/88",
						"name": "Pan flute"
					},
					{
						"url": "http://www.dnd5eapi.co/api/proficiencies/89",
						"name": "Shawm"
					},
					{
						"url": "http://www.dnd5eapi.co/api/proficiencies/90",
						"name": "Viol"
					}
				]
			},
			{
				"choose": 2,
				"type": "proficiencies",
				"from": [
					{
						"url": "http://www.dnd5eapi.co/api/proficiencies/105",
						"name": "Skill: Acrobatics"
					},
					{
						"url": "http://www.dnd5eapi.co/api/proficiencies/108",
						"name": "Skill: Athletics"
					},
					{
						"url": "http://www.dnd5eapi.co/api/proficiencies/110",
						"name": "Skill: History"
					},
					{
						"url": "http://www.dnd5eapi.co/api/proficiencies/111",
						"name": "Skill: Insight"
					},
					{
						"url": "http://www.dnd5eapi.co/api/proficiencies/119",
						"name": "Skill: Religion"
					},
					{
						"url": "http://www.dnd5eapi.co/api/proficiencies/121",
						"name": "Skill: Stealth"
					}
				]
			}
		],
		"proficiencies": [
			{
				"name": "Simple weapons",
				"url": "http://www.dnd5eapi.co/api/proficiencies/19"
			},
			{
				"name": "Shortswords",
				"url": "http://www.dnd5eapi.co/api/proficiencies/48"
			}
		],
		"saving_throws": [
			{
				"name": "STR",
				"url": "http://www.dnd5eapi.co/api/ability-scores/1"
			},
			{
				"name": "DEX",
				"url": "http://www.dnd5eapi.co/api/ability-scores/2"
			}
		],
		"starting_equipment": {
			"url": "http://www.dnd5eapi.co/api/startingequipment/6",
			"class": "Monk"
		},
		"class_levels": {
			"url": "http://www.dnd5eapi.co/api/classes/monk/levels",
			"class": "Monk"
		},
		"subclasses": [
			{
				"url": "http://www.dnd5eapi.co/api/subclasses/6",
				"name": "Open Hand"
			}
		],
		"spellcasting": {
			
		},
		"url": "http://www.dnd5eapi.co/api/classes/6"
	},
	{
		"index": 7,
		"name": "Paladin",
		"hit_die": 10,
		"proficiency_choices": [
			{
				"choose": 2,
				"type": "proficiencies",
				"from": [
					{
						"url": "http://www.dnd5eapi.co/api/proficiencies/108",
						"name": "Skill: Athletics"
					},
					{
						"url": "http://www.dnd5eapi.co/api/proficiencies/111",
						"name": "Skill: Insight"
					},
					{
						"url": "http://www.dnd5eapi.co/api/proficiencies/112",
						"name": "Skill: Intimidation"
					},
					{
						"url": "http://www.dnd5eapi.co/api/proficiencies/114",
						"name": "Skill: Medicine"
					},
					{
						"url": "http://www.dnd5eapi.co/api/proficiencies/118",
						"name": "Skill: Persuasion"
					},
					{
						"url": "http://www.dnd5eapi.co/api/proficiencies/119",
						"name": "Skill: Religion"
					}
				]
			}
		],
		"proficiencies": [
			{
				"name": "All armor",
				"url": "http://www.dnd5eapi.co/api/proficiencies/4"
			},
			{
				"name": "Shields",
				"url": "http://www.dnd5eapi.co/api/proficiencies/18"
			},
			{
				"name": "Simple weapons",
				"url": "http://www.dnd5eapi.co/api/proficiencies/19"
			},
			{
				"name": "Martial weapons",
				"url": "http://www.dnd5eapi.co/api/proficiencies/20"
			}
		],
		"saving_throws": [
			{
				"name": "WIS",
				"url": "http://www.dnd5eapi.co/api/ability-scores/5"
			},
			{
				"name": "CHA",
				"url": "http://www.dnd5eapi.co/api/ability-scores/6"
			}
		],
		"starting_equipment": {
			"url": "http://www.dnd5eapi.co/api/startingequipment/7",
			"class": "Paladin"
		},
		"class_levels": {
			"url": "http://www.dnd5eapi.co/api/classes/paladin/levels",
			"class": "Paladin"
		},
		"subclasses": [
			{
				"url": "http://www.dnd5eapi.co/api/subclasses/7",
				"name": "Devotion"
			}
		],
		"spellcasting": {
			"url": "http://www.dnd5eapi.co/api/spellcasting/4",
			"class": "Paladin"
		},
		"url": "http://www.dnd5eapi.co/api/classes/7"
	},
	{
		"index": 8,
		"name": "Ranger",
		"hit_die": 10,
		"proficiency_choices": [
			{
				"choose": 3,
				"type": "proficiencies",
				"from": [
					{
						"url": "http://www.dnd5eapi.co/api/proficiencies/106",
						"name": "Skill: Animal Handling"
					},
					{
						"url": "http://www.dnd5eapi.co/api/proficiencies/108",
						"name": "Skill: Athletics"
					},
					{
						"url": "http://www.dnd5eapi.co/api/proficiencies/111",
						"name": "Skill: Insight"
					},
					{
						"url": "http://www.dnd5eapi.co/api/proficiencies/113",
						"name": "Skill: Investigation"
					},
					{
						"url": "http://www.dnd5eapi.co/api/proficiencies/115",
						"name": "Skill: Nature"
					},
					{
						"url": "http://www.dnd5eapi.co/api/proficiencies/116",
						"name": "Skill: Perception"
					},
					{
						"url": "http://www.dnd5eapi.co/api/proficiencies/121",
						"name": "Skill: Stealth"
					},
					{
						"url": "http://www.dnd5eapi.co/api/proficiencies/122",
						"name": "Skill: Survival"
					}
				]
			}
		],
		"proficiencies": [
			{
				"name": "Light armor",
				"url": "http://www.dnd5eapi.co/api/proficiencies/1"
			},
			{
				"name": "Medium armor",
				"url": "http://www.dnd5eapi.co/api/proficiencies/2"
			},
			{
				"name": "Shields",
				"url": "http://www.dnd5eapi.co/api/proficiencies/18"
			},
			{
				"name": "Simple weapons",
				"url": "http://www.dnd5eapi.co/api/proficiencies/19"
			},
			{
				"name": "Martial weapons",
				"url": "http://www.dnd5eapi.co/api/proficiencies/20"
			}
		],
		"saving_throws": [
			{
				"name": "STR",
				"url": "http://www.dnd5eapi.co/api/ability-scores/1"
			},
			{
				"name": "DEX",
				"url": "http://www.dnd5eapi.co/api/ability-scores/2"
			}
		],
		"starting_equipment": {
			"url": "http://www.dnd5eapi.co/api/startingequipment/8",
			"class": "Ranger"
		},
		"class_levels": {
			"url": "http://www.dnd5eapi.co/api/classes/ranger/levels",
			"class": "Ranger"
		},
		"subclasses": [
			{
				"url": "http://www.dnd5eapi.co/api/subclasses/8",
				"name": "Hunter"
			}
		],
		"spellcasting": {
			"url": "http://www.dnd5eapi.co/api/spellcasting/5",
			"class": "Ranger"
		},
		"url": "http://www.dnd5eapi.co/api/classes/8"
	},
	{
		"index": 9,
		"name": "Rogue",
		"hit_die": 8,
		"proficiency_choices": [
			{
				"choose": 4,
				"type": "proficiencies",
				"from": [
					{
						"url": "http://www.dnd5eapi.co/api/proficiencies/105",
						"name": "Skill: Acrobatics"
					},
					{
						"url": "http://www.dnd5eapi.co/api/proficiencies/108",
						"name": "Skill: Athletics"
					},
					{
						"url": "http://www.dnd5eapi.co/api/proficiencies/109",
						"name": "Skill: Deception"
					},
					{
						"url": "http://www.dnd5eapi.co/api/proficiencies/111",
						"name": "Skill: Insight"
					},
					{
						"url": "http://www.dnd5eapi.co/api/proficiencies/112",
						"name": "Skill: Intimidation"
					},
					{
						"url": "http://www.dnd5eapi.co/api/proficiencies/113",
						"name": "Skill: Investigation"
					},
					{
						"url": "http://www.dnd5eapi.co/api/proficiencies/116",
						"name": "Skill: Perception"
					},
					{
						"url": "http://www.dnd5eapi.co/api/proficiencies/117",
						"name": "Skill: Performance"
					},
					{
						"url": "http://www.dnd5eapi.co/api/proficiencies/118",
						"name": "Skill: Persuasion"
					},
					{
						"url": "http://www.dnd5eapi.co/api/proficiencies/120",
						"name": "Skill: Sleight of Hand"
					},
					{
						"url": "http://www.dnd5eapi.co/api/proficiencies/121",
						"name": "Skill: Stealth"
					}
				]
			}
		],
		"proficiencies": [
			{
				"name": "Light armor",
				"url": "http://www.dnd5eapi.co/api/proficiencies/1"
			},
			{
				"name": "Simple weapons",
				"url": "http://www.dnd5eapi.co/api/proficiencies/19"
			},
			{
				"name": "Longswords",
				"url": "http://www.dnd5eapi.co/api/proficiencies/42"
			},
			{
				"name": "Rapiers",
				"url": "http://www.dnd5eapi.co/api/proficiencies/46"
			},
			{
				"name": "Shortswords",
				"url": "http://www.dnd5eapi.co/api/proficiencies/48"
			},
			{
				"name": "Crossbows, hand",
				"url": "http://www.dnd5eapi.co/api/proficiencies/54"
			},
			{
				"name": "Thieves' Tools",
				"url": "http://www.dnd5eapi.co/api/proficiencies/96"
			}
		],
		"saving_throws": [
			{
				"name": "DEX",
				"url": "http://www.dnd5eapi.co/api/ability-scores/2"
			},
			{
				"name": "INT",
				"url": "http://www.dnd5eapi.co/api/ability-scores/4"
			}
		],
		"starting_equipment": {
			"url": "http://www.dnd5eapi.co/api/startingequipment/9",
			"class": "Rogue"
		},
		"class_levels": {
			"url": "http://www.dnd5eapi.co/api/classes/rogue/levels",
			"class": "Rogue"
		},
		"subclasses": [
			{
				"url": "http://www.dnd5eapi.co/api/subclasses/9",
				"name": "Thief"
			}
		],
		"spellcasting": {
			
		},
		"url": "http://www.dnd5eapi.co/api/classes/9"
	},
	{
		"index": 10,
		"name": "Sorcerer",
		"hit_die": 6,
		"proficiency_choices": [
			{
				"choose": 2,
				"type": "proficiencies",
				"from": [
					{
						"url": "http://www.dnd5eapi.co/api/proficiencies/107",
						"name": "Skill: Arcana"
					},
					{
						"url": "http://www.dnd5eapi.co/api/proficiencies/109",
						"name": "Skill: Deception"
					},
					{
						"url": "http://www.dnd5eapi.co/api/proficiencies/111",
						"name": "Skill: Insight"
					},
					{
						"url": "http://www.dnd5eapi.co/api/proficiencies/112",
						"name": "Skill: Intimidation"
					},
					{
						"url": "http://www.dnd5eapi.co/api/proficiencies/118",
						"name": "Skill: Persuasion"
					},
					{
						"url": "http://www.dnd5eapi.co/api/proficiencies/119",
						"name": "Skill: Religion"
					}
				]
			}
		],
		"proficiencies": [
			{
				"name": "Daggers",
				"url": "http://www.dnd5eapi.co/api/proficiencies/22"
			},
			{
				"name": "Quarterstaffs",
				"url": "http://www.dnd5eapi.co/api/proficiencies/28"
			},
			{
				"name": "Darts",
				"url": "http://www.dnd5eapi.co/api/proficiencies/32"
			},
			{
				"name": "Slings",
				"url": "http://www.dnd5eapi.co/api/proficiencies/34"
			}
		],
		"saving_throws": [
			{
				"name": "CON",
				"url": "http://www.dnd5eapi.co/api/ability-scores/3"
			},
			{
				"name": "CHA",
				"url": "http://www.dnd5eapi.co/api/ability-scores/6"
			}
		],
		"starting_equipment": {
			"url": "http://www.dnd5eapi.co/api/startingequipment/10",
			"class": "Sorcerer"
		},
		"class_levels": {
			"url": "http://www.dnd5eapi.co/api/classes/sorcerer/levels",
			"class": "Sorcerer"
		},
		"subclasses": [
			{
				"url": "http://www.dnd5eapi.co/api/subclasses/10",
				"name": "Draconic"
			}
		],
		"spellcasting": {
			"url": "http://www.dnd5eapi.co/api/spellcasting/6",
			"class": "Sorcerer"
		},
		"url": "http://www.dnd5eapi.co/api/classes/10"
	},
	{
		"index": 11,
		"name": "Warlock",
		"hit_die": 8,
		"proficiency_choices": [
			{
				"choose": 2,
				"type": "proficiencies",
				"from": [
					{
						"url": "http://www.dnd5eapi.co/api/proficiencies/107",
						"name": "Skill: Arcana"
					},
					{
						"url": "http://www.dnd5eapi.co/api/proficiencies/109",
						"name": "Skill: Deception"
					},
					{
						"url": "http://www.dnd5eapi.co/api/proficiencies/110",
						"name": "Skill: History"
					},
					{
						"url": "http://www.dnd5eapi.co/api/proficiencies/112",
						"name": "Skill: Intimidation"
					},
					{
						"url": "http://www.dnd5eapi.co/api/proficiencies/113",
						"name": "Skill: Investigation"
					},
					{
						"url": "http://www.dnd5eapi.co/api/proficiencies/115",
						"name": "Skill: Nature"
					},
					{
						"url": "http://www.dnd5eapi.co/api/proficiencies/119",
						"name": "Skill: Religion"
					}
				]
			}
		],
		"proficiencies": [
			{
				"name": "Light armor",
				"url": "http://www.dnd5eapi.co/api/proficiencies/1"
			},
			{
				"name": "Simple weapons",
				"url": "http://www.dnd5eapi.co/api/proficiencies/19"
			}
		],
		"saving_throws": [
			{
				"name": "WIS",
				"url": "http://www.dnd5eapi.co/api/ability-scores/5"
			},
			{
				"name": "CHA",
				"url": "http://www.dnd5eapi.co/api/ability-scores/6"
			}
		],
		"starting_equipment": {
			"url": "http://www.dnd5eapi.co/api/startingequipment/11",
			"class": "Warlock"
		},
		"class_levels": {
			"url": "http://www.dnd5eapi.co/api/classes/warlock/levels",
			"class": "Warlock"
		},
		"subclasses": [
			{
				"url": "http://www.dnd5eapi.co/api/subclasses/11",
				"name": "Fiend"
			}
		],
		"spellcasting": {
			"url": "http://www.dnd5eapi.co/api/spellcasting/7",
			"class": "Warlock"
		},
		"url": "http://www.dnd5eapi.co/api/classes/11"
	},
	{
		"index": 12,
		"name": "Wizard",
		"hit_die": 6,
		"proficiency_choices": [
			{
				"choose": 2,
				"type": "proficiencies",
				"from": [
					{
						"url": "http://www.dnd5eapi.co/api/proficiencies/107",
						"name": "Skill: Arcana"
					},
					{
						"url": "http://www.dnd5eapi.co/api/proficiencies/110",
						"name": "Skill: History"
					},
					{
						"url": "http://www.dnd5eapi.co/api/proficiencies/111",
						"name": "Skill: Insight"
					},
					{
						"url": "http://www.dnd5eapi.co/api/proficiencies/113",
						"name": "Skill: Investigation"
					},
					{
						"url": "http://www.dnd5eapi.co/api/proficiencies/114",
						"name": "Skill: Medicine"
					},
					{
						"url": "http://www.dnd5eapi.co/api/proficiencies/119",
						"name": "Skill: Religion"
					}
				]
			}
		],
		"proficiencies": [
			{
				"name": "Daggers",
				"url": "http://www.dnd5eapi.co/api/proficiencies/22"
			},
			{
				"name": "Quarterstaffs",
				"url": "http://www.dnd5eapi.co/api/proficiencies/28"
			},
			{
				"name": "Darts",
				"url": "http://www.dnd5eapi.co/api/proficiencies/32"
			},
			{
				"name": "Slings",
				"url": "http://www.dnd5eapi.co/api/proficiencies/34"
			}
		],
		"saving_throws": [
			{
				"name": "INT",
				"url": "http://www.dnd5eapi.co/api/ability-scores/4"
			},
			{
				"name": "WIS",
				"url": "http://www.dnd5eapi.co/api/ability-scores/5"
			}
		],
		"starting_equipment": {
			"url": "http://www.dnd5eapi.co/api/startingequipment/12",
			"class": "Wizard"
		},
		"class_levels": {
			"url": "http://www.dnd5eapi.co/api/classes/wizard/levels",
			"class": "Wizard"
		},
		"subclasses": [
			{
				"url": "http://www.dnd5eapi.co/api/subclasses/12",
				"name": "Evocation"
			}
		],
		"spellcasting": {
			"url": "http://www.dnd5eapi.co/api/spellcasting/8",
			"class": "Wizard"
		},
		"url": "http://www.dnd5eapi.co/api/classes/12"
	}
]
