[{
	"index": 1,
	"class": {
		"url": "http://www.dnd5eapi.co/api/classes/1",
		"name": "Barbarian"
	},
	"starting_equipment": [{
		"item": { "url": "http://www.dnd5eapi.co/api/equipment/158", "name": "Explorer's Pack"}, "quantity": 1}, {
		"item": { "url": "http://www.dnd5eapi.co/api/equipment/5", "name": "Javelin"}, "quantity": 4}],
	"choices_to_make": 2,
	"choice_1": [{
		"choose": 1,
		"type": "equipment",
		"from": [{
			"item": { "url": "http://www.dnd5eapi.co/api/equipment/18", "name": "Greataxe"}, "quantity": 1}]
	}, {
		"choose": 1,
		"type": "equipment",
		"from": [{
			"item": { "url": "http://www.dnd5eapi.co/api/equipment/15", "name": "Battleaxe"}, "quantity": 1}, {
			"item": { "url": "http://www.dnd5eapi.co/api/equipment/16", "name": "Flail"}, "quantity": 1}, {
			"item": { "url": "http://www.dnd5eapi.co/api/equipment/17", "name": "Glaive"}, "quantity": 1}, {
			"item": { "url": "http://www.dnd5eapi.co/api/equipment/18", "name": "Greataxe"}, "quantity": 1}, {
			"item": { "url": "http://www.dnd5eapi.co/api/equipment/19", "name": "Greatsword"}, "quantity": 1}, {
			"item": { "url": "http://www.dnd5eapi.co/api/equipment/20", "name": "Halberd"}, "quantity": 1}, {
			"item": { "url": "http://www.dnd5eapi.co/api/equipment/21", "name": "Lance"}, "quantity": 1}, {
			"item": { "url": "http://www.dnd5eapi.co/api/equipment/22", "name": "Longsword"}, "quantity": 1}, {
			"item": { "url": "http://www.dnd5eapi.co/api/equipment/23", "name": "Maul"}, "quantity": 1}, {
			"item": { "url": "http://www.dnd5eapi.co/api/equipment/24", "name": "Morningstar"}, "quantity": 1}, {
			"item": { "url": "http://www.dnd5eapi.co/api/equipment/25", "name": "Pike"}, "quantity": 1}, {
			"item": { "url": "http://www.dnd5eapi.co/api/equipment/26", "name": "Rapier"}, "quantity": 1}, {
			"item": { "url": "http://www.dnd5eapi.co/api/equipment/27", "name": "Scimitar"}, "quantity": 1}, {
			"item": { "url": "http://www.dnd5eapi.co/api/equipment/28", "name": "Shortsword"}, "quantity": 1}, {
			"item": { "url": "http://www.dnd5eapi.co/api/equipment/29", "name": "Trident"}, "quantity": 1}, {
			"item": { "url": "http://www.dnd5eapi.co/api/equipment/30", "name": "War pick"}, "quantity": 1}, {
			"item": { "url": "http://www.dnd5eapi.co/api/equipment/31", "name": "Warhammer"}, "quantity": 1}, {
			"item": { "url": "http://www.dnd5eapi.co/api/equipment/32", "name": "Whip"}, "quantity": 1}]
	}],
	"choice_2": [{
		"choose": 1,
		"type": "equipment",
		"from": [{
			"item": { "url": "http://www.dnd5eapi.co/api/equipment/4", "name": "Handaxe"}, "quantity": 2}]
	}, {
		"choose": 1,
		"type": "equipment",
		"from": [{
			"item": { "url": "http://www.dnd5eapi.co/api/equipment/1", "name": "Club"}, "quantity": 1}, {
			"item": { "url": "http://www.dnd5eapi.co/api/equipment/2", "name": "Dagger"}, "quantity": 1}, {
			"item": { "url": "http://www.dnd5eapi.co/api/equipment/3", "name": "Greatclub"}, "quantity": 1}, {
			"item": { "url": "http://www.dnd5eapi.co/api/equipment/4", "name": "Handaxe"}, "quantity": 1}, {
			"item": { "url": "http://www.dnd5eapi.co/api/equipment/5", "name": "Javelin"}, "quantity": 1}, {
			"item": { "url": "http://www.dnd5eapi.co/api/equipment/6", "name": "Light hammer"}, "quantity": 1}, {
			"item": { "url": "http://www.dnd5eapi.co/api/equipment/7", "name": "Mace"}, "quantity": 1}, {
			"item": { "url": "http://www.dnd5eapi.co/api/equipment/8", "name": "Quarterstaff"}, "quantity": 1}, {
			"item": { "url": "http://www.dnd5eapi.co/api/equipment/9", "name": "Sickle"}, "quantity": 1}, {
			"item": { "url": "http://www.dnd5eapi.co/api/equipment/10", "name": "Spear"}, "quantity": 1}, {
			"item": { "url": "http://www.dnd5eapi.co/api/equipment/11", "name": "Crossbow, light"}, "quantity": 1}, {
			"item": { "url": "http://www.dnd5eapi.co/api/equipment/12", "name": "Dart"}, "quantity": 1}, {
			"item": { "url": "http://www.dnd5eapi.co/api/equipment/13", "name": "Shortbow"}, "quantity": 1}, {
			"item": { "url": "http://www.dnd5eapi.co/api/equipment/14", "name": "Sling"}, "quantity": 1}]
	}],
	"url": "http://www.dnd5eapi.co/api/startingequipment/1"
}, {
	"index": 2,
	"class": {
		"url": "http://www.dnd5eapi.co/api/classes/2",
		"name": "Bard"
	},
	"starting_equipment": [{
		"item": { "url": "http://www.dnd5eapi.co/api/equipment/39", "name": "Leather"}, "quantity": 1}, {
		"item": { "url": "http://www.dnd5eapi.co/api/equipment/2", "name": "Dagger"}, "quantity": 1}],
	"choices_to_make": 3,
	"choice_1": [{
		"choose": 1,
		"type": "equipment",
		"from": [{
			"item": { "url": "http://www.dnd5eapi.co/api/equipment/26", "name": "Rapier"}, "quantity": 1}]
	}, {
		"choose": 1,
		"type": "equipment",
		"from": [{
			"item": { "url": "http://www.dnd5eapi.co/api/equipment/22", "name": "Longsword"}, "quantity": 1}]
	}, {
		"choose": 1,
		"type": "equipment",
		"from": [{
			"item": { "url": "http://www.dnd5eapi.co/api/equipment/1", "name": "Club"}, "quantity": 1}, {
			"item": { "url": "http://www.dnd5eapi.co/api/equipment/2", "name": "Dagger"}, "quantity": 1}, {
			"item": { "url": "http://www.dnd5eapi.co/api/equipment/3", "name": "Greatclub"}, "quantity": 1}, {
			"item": { "url": "http://www.dnd5eapi.co/api/equipment/4", "name": "Handaxe"}, "quantity": 1}, {
			"item": { "url": "http://www.dnd5eapi.co/api/equipment/5", "name": "Javelin"}, "quantity": 1}, {
			"item": { "url": "http://www.dnd5eapi.co/api/equipment/6", "name": "Light hammer"}, "quantity": 1}, {
			"item": { "url": "http://www.dnd5eapi.co/api/equipment/7", "name": "Mace"}, "quantity": 1}, {
			"item": { "url": "http://www.dnd5eapi.co/api/equipment/8", "name": "Quarterstaff"}, "quantity": 1}, {
			"item": { "url": "http://www.dnd5eapi.co/api/equipment/9", "name": "Sickle"}, "quantity": 1}, {
			"item": { "url": "http://www.dnd5eapi.co/api/equipment/10", "name": "Spear"}, "quantity": 1}, {
			"item": { "url": "http://www.dnd5eapi.co/api/equipment/11", "name": "Crossbow, light"}, "quantity": 1}, {
			"item": { "url": "http://www.dnd5eapi.co/api/equipment/12", "name": "Dart"}, "quantity": 1}, {
			"item": { "url": "http://www.dnd5eapi.co/api/equipment/13", "name": "Shortbow"}, "quantity": 1}, {
			"item": { "url": "http://www.dnd5eapi.co/api/equipment/14", "name": "Sling"}, "quantity": 1}]
	}],
	"choice_2": [{
		"choose": 1,
		"type": "equipment",
		"from": [{
			"item": { "url": "http://www.dnd5eapi.co/api/equipment/155", "name": "Diplomat's Pack"}, "quantity": 1}]
	}, {
		"choose": 1,
		"type": "equipment",
		"from": [{
			"item": { "url": "http://www.dnd5eapi.co/api/equipment/157", "name": "Entertainer's Pack"}, "quantity": 1}]
	}],
	"choice_3": [{
		"choose": 1,
		"type": "equipment",
		"from": [{
			"item": { "url": "http://www.dnd5eapi.co/api/equipment/184", "name": "Lute"}, "quantity": 1}]
	}, {
		"choose": 1,
		"type": "equipment",
		"from": [{
			"item": { "url": "http://www.dnd5eapi.co/api/equipment/180", "name": "Bagpipes"}, "quantity": 1}, {
			"item": { "url": "http://www.dnd5eapi.co/api/equipment/181", "name": "Drum"}, "quantity": 1}, {
			"item": { "url": "http://www.dnd5eapi.co/api/equipment/182", "name": "Dulcimer"}, "quantity": 1}, {
			"item": { "url": "http://www.dnd5eapi.co/api/equipment/183", "name": "Flute"}, "quantity": 1}, {
			"item": { "url": "http://www.dnd5eapi.co/api/equipment/184", "name": "Lute"}, "quantity": 1}, {
			"item": { "url": "http://www.dnd5eapi.co/api/equipment/185", "name": "Lyre"}, "quantity": 1}, {
			"item": { "url": "http://www.dnd5eapi.co/api/equipment/186", "name": "Horn"}, "quantity": 1}, {
			"item": { "url": "http://www.dnd5eapi.co/api/equipment/187", "name": "Pan flute"}, "quantity": 1}, {
			"item": { "url": "http://www.dnd5eapi.co/api/equipment/188", "name": "Shawm"}, "quantity": 1}, {
			"item": { "url": "http://www.dnd5eapi.co/api/equipment/189", "name": "Viol"}, "quantity": 1}]
	}],
	"url": "http://www.dnd5eapi.co/api/startingequipment/2"
}, {
	"index": 3,
	"class": {
		"url": "http://www.dnd5eapi.co/api/classes/3",
		"name": "Cleric"
	},
	"starting_equipment": [{
	"item": { "url": "http://www.dnd5eapi.co/api/equipment/50", "name": "Shield"}, "quantity": 1}],
	"choices_to_make": 5,
	"choice_1": [{
		"choose": 1,
		"type": "equipment",
		"from": [{
			"item": { "url": "http://www.dnd5eapi.co/api/equipment/7", "name": "Mace" },"quantity": 1}]
	}, {
		"choose": 1,
		"type": "equipment",
		"from": [{
			"item": { "url": "http://www.dnd5eapi.co/api/equipment/31", "name": "Warhammer" }, "quantity": 1,	
			"prerequisites": [{
				"type": "proficiency",
				"proficiency": { "url": "http://www.dnd5eapi.co/api/proficiencies/51", "name": "Warhammers" }
			}]
		}]
	}],
	"choice_2": [{
		"choose": 1,
		"type": "equipment",
		"from": [{
			"item": { "url": "http://www.dnd5eapi.co/api/equipment/43", "name": "Scale Mail"}, "quantity": 1}]
	}, {
		"choose": 1,
		"type": "equipment",
		"from": [{
			"item": { "url": "http://www.dnd5eapi.co/api/equipment/39", "name": "Leather"}, "quantity": 1}]
	}, {
		"choose": 1,
		"type": "equipment",
		"from": [{
			"item": { "url": "http://www.dnd5eapi.co/api/equipment/47", "name": "Chain Mail"}, "quantity": 1,	"prerequisites": [{
				"type": "proficiency",
				"proficiency":{ "url": "http://www.dnd5eapi.co/api/proficiencies/14", "name": "Chain Mail" }
			}]
		}]
	}],
	"choice_3": [{
		"choose": 2,
		"type": "equipment",
		"from": [{
			"item": { "url": "http://www.dnd5eapi.co/api/equipment/11", "name": "Crossbow, light"}, "quantity": 1}, {
			"item": { "url": "http://www.dnd5eapi.co/api/equipment/56", "name": "Crossbow bolt"}, "quantity": 20}]
	}, {
		"choose": 1,
		"type": "equipment",
		"from": [{
			"item": { "url": "http://www.dnd5eapi.co/api/equipment/1", "name": "Club"}, "quantity": 1}, {
			"item": { "url": "http://www.dnd5eapi.co/api/equipment/2", "name": "Dagger"}, "quantity": 1}, {
			"item": { "url": "http://www.dnd5eapi.co/api/equipment/3", "name": "Greatclub"}, "quantity": 1}, {
			"item": { "url": "http://www.dnd5eapi.co/api/equipment/4", "name": "Handaxe"}, "quantity": 1}, {
			"item": { "url": "http://www.dnd5eapi.co/api/equipment/5", "name": "Javelin"}, "quantity": 1}, {
			"item": { "url": "http://www.dnd5eapi.co/api/equipment/6", "name": "Light hammer"}, "quantity": 1}, {
			"item": { "url": "http://www.dnd5eapi.co/api/equipment/7", "name": "Mace"}, "quantity": 1}, {
			"item": { "url": "http://www.dnd5eapi.co/api/equipment/8", "name": "Quarterstaff"}, "quantity": 1}, {
			"item": { "url": "http://www.dnd5eapi.co/api/equipment/9", "name": "Sickle"}, "quantity": 1}, {
			"item": { "url": "http://www.dnd5eapi.co/api/equipment/10", "name": "Spear"}, "quantity": 1}, {
			"item": { "url": "http://www.dnd5eapi.co/api/equipment/11", "name": "Crossbow, light"}, "quantity": 1}, {
			"item": { "url": "http://www.dnd5eapi.co/api/equipment/12", "name": "Dart"}, "quantity": 1}, {
			"item": { "url": "http://www.dnd5eapi.co/api/equipment/13", "name": "Shortbow"}, "quantity": 1}, {
			"item": { "url": "http://www.dnd5eapi.co/api/equipment/14", "name": "Sling"}, "quantity": 1}]
	}],
	"choice_4": [{
		"choose": 1,
		"type": "equipment",
		"from": [{
			"item": { "url": "http://www.dnd5eapi.co/api/equipment/159", "name": "Priest's Pack"}, "quantity": 1}]
	}, {
		"choose": 1,
		"type": "equipment",
		"from": [{
			"item": { "url": "http://www.dnd5eapi.co/api/equipment/158", "name": "Explorer's Pack"}, "quantity": 1}]
	}],
	"choice_5": [{
		"choose": 1,
		"type": "equipment",
		"from": [{
			"item": { "url": "http://www.dnd5eapi.co/api/equipment/58", "name": "Amulet"}, "quantity": 1}, {
			"item": { "url": "http://www.dnd5eapi.co/api/equipment/93", "name": "Emblem"}, "quantity": 1}, {
			"item": { "url": "http://www.dnd5eapi.co/api/equipment/134", "name": "Reliquary"}, "quantity": 1}]
	}],
	"url": "http://www.dnd5eapi.co/api/startingequipment/3"
}, {
	"index": 4,
	"class": {
		"url": "http://www.dnd5eapi.co/api/classes/4",
		"name": "Druid"
	},
	"starting_equipment": [{
		"item": { "url": "http://www.dnd5eapi.co/api/equipment/39", "name": "Leather"}, "quantity": 1}, {
		"item": { "url": "http://www.dnd5eapi.co/api/equipment/158", "name": "Explorer's Pack"}, "quantity": 1}],
	"choices_to_make": 3,
	"choice_1": [{
		"choose": 1,
		"type": "equipment",
		"from": [{
			"item": { "url": "http://www.dnd5eapi.co/api/equipment/50", "name": "Shield"}, "quantity": 1}]
	}, {
		"choose": 1,
		"type": "equipment",
		"from": [{
			"item": { "url": "http://www.dnd5eapi.co/api/equipment/1", "name": "Club"}, "quantity": 1}, {
			"item": { "url": "http://www.dnd5eapi.co/api/equipment/2", "name": "Dagger"}, "quantity": 1}, {
			"item": { "url": "http://www.dnd5eapi.co/api/equipment/3", "name": "Greatclub"}, "quantity": 1}, {
			"item": { "url": "http://www.dnd5eapi.co/api/equipment/4", "name": "Handaxe"}, "quantity": 1}, {
			"item": { "url": "http://www.dnd5eapi.co/api/equipment/5", "name": "Javelin"}, "quantity": 1}, {
			"item": { "url": "http://www.dnd5eapi.co/api/equipment/6", "name": "Light hammer"}, "quantity": 1}, {
			"item": { "url": "http://www.dnd5eapi.co/api/equipment/7", "name": "Mace"}, "quantity": 1}, {
			"item": { "url": "http://www.dnd5eapi.co/api/equipment/8", "name": "Quarterstaff"}, "quantity": 1}, {
			"item": { "url": "http://www.dnd5eapi.co/api/equipment/9", "name": "Sickle"}, "quantity": 1}, {
			"item": { "url": "http://www.dnd5eapi.co/api/equipment/10", "name": "Spear"}, "quantity": 1}, {
			"item": { "url": "http://www.dnd5eapi.co/api/equipment/11", "name": "Crossbow, light"}, "quantity": 1}, {
			"item": { "url": "http://www.dnd5eapi.co/api/equipment/12", "name": "Dart"}, "quantity": 1}, {
			"item": { "url": "http://www.dnd5eapi.co/api/equipment/13", "name": "Shortbow"}, "quantity": 1}, {
			"item": { "url": "http://www.dnd5eapi.co/api/equipment/14", "name": "Sling"}, "quantity": 1}]
	}],
	"choice_2": [{
		"choose": 1,
		"type": "equipment",
		"from": [{
			"item": { "url": "http://www.dnd5eapi.co/api/equipment/27", "name": "Scimitar"}, "quantity": 1}]
	}, {
		"choose": 1,
		"type": "equipment",
		"from": [{
			"item": { "url": "http://www.dnd5eapi.co/api/equipment/1", "name": "Club"}, "quantity": 1}, {
			"item": { "url": "http://www.dnd5eapi.co/api/equipment/2", "name": "Dagger"}, "quantity": 1}, {
			"item": { "url": "http://www.dnd5eapi.co/api/equipment/3", "name": "Greatclub"}, "quantity": 1}, {
			"item": { "url": "http://www.dnd5eapi.co/api/equipment/4", "name": "Handaxe"}, "quantity": 1}, {
			"item": { "url": "http://www.dnd5eapi.co/api/equipment/5", "name": "Javelin"}, "quantity": 1}, {
			"item": { "url": "http://www.dnd5eapi.co/api/equipment/6", "name": "Light hammer"}, "quantity": 1}, {
			"item": { "url": "http://www.dnd5eapi.co/api/equipment/7", "name": "Mace"}, "quantity": 1}, {
			"item": { "url": "http://www.dnd5eapi.co/api/equipment/8", "name": "Quarterstaff"}, "quantity": 1}, {
			"item": { "url": "http://www.dnd5eapi.co/api/equipment/9", "name": "Sickle"}, "quantity": 1}, {
			"item": { "url": "http://www.dnd5eapi.co/api/equipment/10", "name": "Spear"}, "quantity": 1}]
	}],
	"choice_3": [{
		"choose": 1,
		"type": "equipment",
		"from": [{
			"item": { "url": "http://www.dnd5eapi.co/api/equipment/89", "name": "Sprig of mistletoe"}, "quantity": 1}, {
			"item": { "url": "http://www.dnd5eapi.co/api/equipment/90", "name": "Totem"}, "quantity": 1}, {
			"item": { "url": "http://www.dnd5eapi.co/api/equipment/91", "name": "Wooden staff"}, "quantity": 1}, {
			"item": { "url": "http://www.dnd5eapi.co/api/equipment/92", "name": "Yew wand"}, "quantity": 1}]
	}],
	"url": "http://www.dnd5eapi.co/api/startingequipment/4"
}, {
	"index": 5,
	"class": {
		"url": "http://www.dnd5eapi.co/api/classes/5",
		"name": "Fighter"
	},
"starting_equipment": [],
	"choices_to_make": 5,
	"choice_1": [{
		"choose": 1,
		"type": "equipment",
		"from": [{
			"item": { "url": "http://www.dnd5eapi.co/api/equipment/47", "name": "Chain Mail"}, "quantity": 1}]
	}, {
		"choose": 3,
		"type": "equipment",
		"from": [{
			"item": { "url": "http://www.dnd5eapi.co/api/equipment/39", "name": "Leather"}, "quantity": 1}, {
			"item": { "url": "http://www.dnd5eapi.co/api/equipment/36", "name": "Longbow"}, "quantity": 1}, {
			"item": { "url": "http://www.dnd5eapi.co/api/equipment/54", "name": "Arrow"}, "quantity": 20}]
	}],
	"choice_2": [{
		"choose": 1,
		"type": "equipment",
		"from": [{
		"item": { "url": "http://www.dnd5eapi.co/api/equipment/50", "name": "Shield"}, "quantity": 1}]
	}, {
		"choose": 1,
		"type": "equipment",
		"from": [{
			"item": { "url": "http://www.dnd5eapi.co/api/equipment/15", "name": "Battleaxe"}, "quantity": 1}, {
			"item": { "url": "http://www.dnd5eapi.co/api/equipment/16", "name": "Flail"}, "quantity": 1}, {
			"item": { "url": "http://www.dnd5eapi.co/api/equipment/17", "name": "Glaive"}, "quantity": 1}, {
			"item": { "url": "http://www.dnd5eapi.co/api/equipment/18", "name": "Greataxe"}, "quantity": 1}, {
			"item": { "url": "http://www.dnd5eapi.co/api/equipment/19", "name": "Greatsword"}, "quantity": 1}, {
			"item": { "url": "http://www.dnd5eapi.co/api/equipment/20", "name": "Halberd"}, "quantity": 1}, {
			"item": { "url": "http://www.dnd5eapi.co/api/equipment/21", "name": "Lance"}, "quantity": 1}, {
			"item": { "url": "http://www.dnd5eapi.co/api/equipment/22", "name": "Longsword"}, "quantity": 1}, {
			"item": { "url": "http://www.dnd5eapi.co/api/equipment/23", "name": "Maul"}, "quantity": 1}, {
			"item": { "url": "http://www.dnd5eapi.co/api/equipment/24", "name": "Morningstar"}, "quantity": 1}, {
			"item": { "url": "http://www.dnd5eapi.co/api/equipment/25", "name": "Pike"}, "quantity": 1}, {
			"item": { "url": "http://www.dnd5eapi.co/api/equipment/26", "name": "Rapier"}, "quantity": 1}, {
			"item": { "url": "http://www.dnd5eapi.co/api/equipment/27", "name": "Scimitar"}, "quantity": 1}, {
			"item": { "url": "http://www.dnd5eapi.co/api/equipment/28", "name": "Shortsword"}, "quantity": 1}, {
			"item": { "url": "http://www.dnd5eapi.co/api/equipment/29", "name": "Trident"}, "quantity": 1}, {
			"item": { "url": "http://www.dnd5eapi.co/api/equipment/30", "name": "War pick"}, "quantity": 1}, {
			"item": { "url": "http://www.dnd5eapi.co/api/equipment/31", "name": "Warhammer"}, "quantity": 1}, {
			"item": { "url": "http://www.dnd5eapi.co/api/equipment/32", "name": "Whip"}, "quantity": 1}, {
			"item": { "url": "http://www.dnd5eapi.co/api/equipment/33", "name": "Blowgun"}, "quantity": 1}, {
			"item": { "url": "http://www.dnd5eapi.co/api/equipment/34", "name": "Crossbow, hand"}, "quantity": 1}, {
			"item": { "url": "http://www.dnd5eapi.co/api/equipment/35", "name": "Crossbow, heavy"}, "quantity": 1}, {
			"item": { "url": "http://www.dnd5eapi.co/api/equipment/36", "name": "Longbow"}, "quantity": 1}, {
			"item": { "url": "http://www.dnd5eapi.co/api/equipment/37", "name": "Net"}, "quantity": 1}]
	}],
	"choice_3": [{
		"choose": 2,
		"type": "equipment",
		"from": [{
			"item": { "url": "http://www.dnd5eapi.co/api/equipment/11", "name": "Crossbow, light"}, "quantity": 1}, {
			"item": { "url": "http://www.dnd5eapi.co/api/equipment/56", "name": "Crossbow bolt"}, "quantity": 20}]
	}, {
		"choose": 1,
		"type": "equipment",
		"from": [{
			"item": { "url": "http://www.dnd5eapi.co/api/equipment/4", "name": "Handaxe"}, "quantity": 2}]
	}],
	"choice_4": [{
		"choose": 1,
		"type": "equipment",
		"from": [{
			"item": { "url": "http://www.dnd5eapi.co/api/equipment/156", "name": "Dungeoneer's Pack"}, "quantity": 1}]
	}, {
		"choose": 1,
		"type": "equipment",
		"from": [{
			"item": { "url": "http://www.dnd5eapi.co/api/equipment/158", "name": "Explorer's Pack"}, "quantity": 1}]
	}],
	"choice_5": [{
		"choose": 1,
		"type": "equipment",
		"from": [{
			"item": { "url": "http://www.dnd5eapi.co/api/equipment/15", "name": "Battleaxe"}, "quantity": 1}, {
			"item": { "url": "http://www.dnd5eapi.co/api/equipment/16", "name": "Flail"}, "quantity": 1}, {
			"item": { "url": "http://www.dnd5eapi.co/api/equipment/17", "name": "Glaive"}, "quantity": 1}, {
			"item": { "url": "http://www.dnd5eapi.co/api/equipment/18", "name": "Greataxe"}, "quantity": 1}, {
			"item": { "url": "http://www.dnd5eapi.co/api/equipment/19", "name": "Greatsword"}, "quantity": 1}, {
			"item": { "url": "http://www.dnd5eapi.co/api/equipment/20", "name": "Halberd"}, "quantity": 1}, {
			"item": { "url": "http://www.dnd5eapi.co/api/equipment/21", "name": "Lance"}, "quantity": 1}, {
			"item": { "url": "http://www.dnd5eapi.co/api/equipment/22", "name": "Longsword"}, "quantity": 1}, {
			"item": { "url": "http://www.dnd5eapi.co/api/equipment/23", "name": "Maul"}, "quantity": 1}, {
			"item": { "url": "http://www.dnd5eapi.co/api/equipment/24", "name": "Morningstar"}, "quantity": 1}, {
			"item": { "url": "http://www.dnd5eapi.co/api/equipment/25", "name": "Pike"}, "quantity": 1}, {
			"item": { "url": "http://www.dnd5eapi.co/api/equipment/26", "name": "Rapier"}, "quantity": 1}, {
			"item": { "url": "http://www.dnd5eapi.co/api/equipment/27", "name": "Scimitar"}, "quantity": 1}, {
			"item": { "url": "http://www.dnd5eapi.co/api/equipment/28", "name": "Shortsword"}, "quantity": 1}, {
			"item": { "url": "http://www.dnd5eapi.co/api/equipment/29", "name": "Trident"}, "quantity": 1}, {
			"item": { "url": "http://www.dnd5eapi.co/api/equipment/30", "name": "War pick"}, "quantity": 1}, {
			"item": { "url": "http://www.dnd5eapi.co/api/equipment/31", "name": "Warhammer"}, "quantity": 1}, {
			"item": { "url": "http://www.dnd5eapi.co/api/equipment/32", "name": "Whip"}, "quantity": 1}, {
			"item": { "url": "http://www.dnd5eapi.co/api/equipment/33", "name": "Blowgun"}, "quantity": 1}, {
			"item": { "url": "http://www.dnd5eapi.co/api/equipment/34", "name": "Crossbow, hand"}, "quantity": 1}, {
			"item": { "url": "http://www.dnd5eapi.co/api/equipment/35", "name": "Crossbow, heavy"}, "quantity": 1}, {
			"item": { "url": "http://www.dnd5eapi.co/api/equipment/36", "name": "Longbow"}, "quantity": 1}, {
			"item": { "url": "http://www.dnd5eapi.co/api/equipment/37", "name": "Net"}, "quantity": 1}]
	}],
	"url": "http://www.dnd5eapi.co/api/startingequipment/5"
}, {
	"index": 6,
	"class": {
		"url": "http://www.dnd5eapi.co/api/classes/6",
		"name": "Monk"
	},
	"starting_equipment": [{
	"item": { "url": "http://www.dnd5eapi.co/api/equipment/12", "name": "Dart"}, "quantity": 10}],
	"choices_to_make": 2,
	"choice_1": [{
		"choose": 1,
		"type": "equipment",
		"from": [{
			"item": { "url": "http://www.dnd5eapi.co/api/equipment/28", "name": "Shortsword"}, "quantity": 1}]
	}, {
		"choose": 1,
		"type": "equipment",
		"from": [{
			"item": { "url": "http://www.dnd5eapi.co/api/equipment/1", "name": "Club"}, "quantity": 1}, {
			"item": { "url": "http://www.dnd5eapi.co/api/equipment/2", "name": "Dagger"}, "quantity": 1}, {
			"item": { "url": "http://www.dnd5eapi.co/api/equipment/3", "name": "Greatclub"}, "quantity": 1}, {
			"item": { "url": "http://www.dnd5eapi.co/api/equipment/4", "name": "Handaxe"}, "quantity": 1}, {
			"item": { "url": "http://www.dnd5eapi.co/api/equipment/5", "name": "Javelin"}, "quantity": 1}, {
			"item": { "url": "http://www.dnd5eapi.co/api/equipment/6", "name": "Light hammer"}, "quantity": 1}, {
			"item": { "url": "http://www.dnd5eapi.co/api/equipment/7", "name": "Mace"}, "quantity": 1}, {
			"item": { "url": "http://www.dnd5eapi.co/api/equipment/8", "name": "Quarterstaff"}, "quantity": 1}, {
			"item": { "url": "http://www.dnd5eapi.co/api/equipment/9", "name": "Sickle"}, "quantity": 1}, {
			"item": { "url": "http://www.dnd5eapi.co/api/equipment/10", "name": "Spear"}, "quantity": 1}, {
			"item": { "url": "http://www.dnd5eapi.co/api/equipment/11", "name": "Crossbow, light"}, "quantity": 1}, {
			"item": { "url": "http://www.dnd5eapi.co/api/equipment/12", "name": "Dart"}, "quantity": 1}, {
			"item": { "url": "http://www.dnd5eapi.co/api/equipment/13", "name": "Shortbow"}, "quantity": 1}, {
			"item": { "url": "http://www.dnd5eapi.co/api/equipment/14", "name": "Sling"}, "quantity": 1}]
	}],
	"choice_2": [{
		"choose": 1,
		"type": "equipment",
		"from": [{
			"item": { "url": "http://www.dnd5eapi.co/api/equipment/156", "name": "Dungeoneer's Pack"}, "quantity": 1}]
	}, {
		"choose": 1,
		"type": "equipment",
		"from": [{
			"item": { "url": "http://www.dnd5eapi.co/api/equipment/158", "name": "Explorer's Pack"}, "quantity": 1}]
	}],
	"url": "http://www.dnd5eapi.co/api/startingequipment/6"
}, {
	"index": 7,
	"class": {
		"url": "http://www.dnd5eapi.co/api/classes/7",
		"name": "Paladin"
	},
	"starting_equipment": [{
	"item": { "url": "http://www.dnd5eapi.co/api/equipment/47", "name": "Chain Mail"}, "quantity": 1}],
	"choices_to_make": 5,
	"choice_1": [{
		"choose": 1,
		"type": "equipment",
		"from": [{
		"item": { "url": "http://www.dnd5eapi.co/api/equipment/50", "name": "Shield"}, "quantity": 1}]
	}, {
		"choose": 1,
		"type": "equipment",
		"from": [{
			"item": { "url": "http://www.dnd5eapi.co/api/equipment/15", "name": "Battleaxe"}, "quantity": 1}, {
			"item": { "url": "http://www.dnd5eapi.co/api/equipment/16", "name": "Flail"}, "quantity": 1}, {
			"item": { "url": "http://www.dnd5eapi.co/api/equipment/17", "name": "Glaive"}, "quantity": 1}, {
			"item": { "url": "http://www.dnd5eapi.co/api/equipment/18", "name": "Greataxe"}, "quantity": 1}, {
			"item": { "url": "http://www.dnd5eapi.co/api/equipment/19", "name": "Greatsword"}, "quantity": 1}, {
			"item": { "url": "http://www.dnd5eapi.co/api/equipment/20", "name": "Halberd"}, "quantity": 1}, {
			"item": { "url": "http://www.dnd5eapi.co/api/equipment/21", "name": "Lance"}, "quantity": 1}, {
			"item": { "url": "http://www.dnd5eapi.co/api/equipment/22", "name": "Longsword"}, "quantity": 1}, {
			"item": { "url": "http://www.dnd5eapi.co/api/equipment/23", "name": "Maul"}, "quantity": 1}, {
			"item": { "url": "http://www.dnd5eapi.co/api/equipment/24", "name": "Morningstar"}, "quantity": 1}, {
			"item": { "url": "http://www.dnd5eapi.co/api/equipment/25", "name": "Pike"}, "quantity": 1}, {
			"item": { "url": "http://www.dnd5eapi.co/api/equipment/26", "name": "Rapier"}, "quantity": 1}, {
			"item": { "url": "http://www.dnd5eapi.co/api/equipment/27", "name": "Scimitar"}, "quantity": 1}, {
			"item": { "url": "http://www.dnd5eapi.co/api/equipment/28", "name": "Shortsword"}, "quantity": 1}, {
			"item": { "url": "http://www.dnd5eapi.co/api/equipment/29", "name": "Trident"}, "quantity": 1}, {
			"item": { "url": "http://www.dnd5eapi.co/api/equipment/30", "name": "War pick"}, "quantity": 1}, {
			"item": { "url": "http://www.dnd5eapi.co/api/equipment/31", "name": "Warhammer"}, "quantity": 1}, {
			"item": { "url": "http://www.dnd5eapi.co/api/equipment/32", "name": "Whip"}, "quantity": 1}, {
			"item": { "url": "http://www.dnd5eapi.co/api/equipment/33", "name": "Blowgun"}, "quantity": 1}, {
			"item": { "url": "http://www.dnd5eapi.co/api/equipment/34", "name": "Crossbow, hand"}, "quantity": 1}, {
			"item": { "url": "http://www.dnd5eapi.co/api/equipment/35", "name": "Crossbow, heavy"}, "quantity": 1}, {
			"item": { "url": "http://www.dnd5eapi.co/api/equipment/36", "name": "Longbow"}, "quantity": 1}, {
			"item": { "url": "http://www.dnd5eapi.co/api/equipment/37", "name": "Net"}, "quantity": 1}]
	}],
	"choice_2": [{
		"choose": 1,
		"type": "equipment",
		"from": [{
			"item": { "url": "http://www.dnd5eapi.co/api/equipment/5", "name": "Javelin"}, "quantity": 5}]
	}, {
		"choose": 1,
		"type": "equipment",
		"from": [{
			"item": { "url": "http://www.dnd5eapi.co/api/equipment/1", "name": "Club"}, "quantity": 1}, {
			"item": { "url": "http://www.dnd5eapi.co/api/equipment/2", "name": "Dagger"}, "quantity": 1}, {
			"item": { "url": "http://www.dnd5eapi.co/api/equipment/3", "name": "Greatclub"}, "quantity": 1}, {
			"item": { "url": "http://www.dnd5eapi.co/api/equipment/4", "name": "Handaxe"}, "quantity": 1}, {
			"item": { "url": "http://www.dnd5eapi.co/api/equipment/5", "name": "Javelin"}, "quantity": 1}, {
			"item": { "url": "http://www.dnd5eapi.co/api/equipment/6", "name": "Light hammer"}, "quantity": 1}, {
			"item": { "url": "http://www.dnd5eapi.co/api/equipment/7", "name": "Mace"}, "quantity": 1}, {
			"item": { "url": "http://www.dnd5eapi.co/api/equipment/8", "name": "Quarterstaff"}, "quantity": 1}, {
			"item": { "url": "http://www.dnd5eapi.co/api/equipment/9", "name": "Sickle"}, "quantity": 1}, {
			"item": { "url": "http://www.dnd5eapi.co/api/equipment/10", "name": "Spear"}, "quantity": 1}, {
			"item": { "url": "http://www.dnd5eapi.co/api/equipment/11", "name": "Crossbow, light"}, "quantity": 1}, {
			"item": { "url": "http://www.dnd5eapi.co/api/equipment/12", "name": "Dart"}, "quantity": 1}, {
			"item": { "url": "http://www.dnd5eapi.co/api/equipment/13", "name": "Shortbow"}, "quantity": 1}, {
			"item": { "url": "http://www.dnd5eapi.co/api/equipment/14", "name": "Sling"}, "quantity": 1}]
	}],
	"choice_3": [{
		"choose": 1,
		"type": "equipment",
		"from": [{
			"item": { "url": "http://www.dnd5eapi.co/api/equipment/159", "name": "Priest's Pack"}, "quantity": 1}]
	}, {
		"choose": 1,
		"type": "equipment",
		"from": [{
			"item": { "url": "http://www.dnd5eapi.co/api/equipment/158", "name": "Explorer's Pack"}, "quantity": 1}]
	}],
	"choice_4": [{
		"choose": 1,
		"type": "equipment",
		"from": [{
			"item": { "url": "http://www.dnd5eapi.co/api/equipment/58", "name": "Amulet"}, "quantity": 1}, {
			"item": { "url": "http://www.dnd5eapi.co/api/equipment/93", "name": "Emblem"}, "quantity": 1}, {
			"item": { "url": "http://www.dnd5eapi.co/api/equipment/134", "name": "Reliquary"}, "quantity": 1}]
	}],
	"choice_5": [{
		"choose": 1,
		"type": "equipment",
		"from": [{
			"item": { "url": "http://www.dnd5eapi.co/api/equipment/15", "name": "Battleaxe"}, "quantity": 1}, {
			"item": { "url": "http://www.dnd5eapi.co/api/equipment/16", "name": "Flail"}, "quantity": 1}, {
			"item": { "url": "http://www.dnd5eapi.co/api/equipment/17", "name": "Glaive"}, "quantity": 1}, {
			"item": { "url": "http://www.dnd5eapi.co/api/equipment/18", "name": "Greataxe"}, "quantity": 1}, {
			"item": { "url": "http://www.dnd5eapi.co/api/equipment/19", "name": "Greatsword"}, "quantity": 1}, {
			"item": { "url": "http://www.dnd5eapi.co/api/equipment/20", "name": "Halberd"}, "quantity": 1}, {
			"item": { "url": "http://www.dnd5eapi.co/api/equipment/21", "name": "Lance"}, "quantity": 1}, {
			"item": { "url": "http://www.dnd5eapi.co/api/equipment/22", "name": "Longsword"}, "quantity": 1}, {
			"item": { "url": "http://www.dnd5eapi.co/api/equipment/23", "name": "Maul"}, "quantity": 1}, {
			"item": { "url": "http://www.dnd5eapi.co/api/equipment/24", "name": "Morningstar"}, "quantity": 1}, {
			"item": { "url": "http://www.dnd5eapi.co/api/equipment/25", "name": "Pike"}, "quantity": 1}, {
			"item": { "url": "http://www.dnd5eapi.co/api/equipment/26", "name": "Rapier"}, "quantity": 1}, {
			"item": { "url": "http://www.dnd5eapi.co/api/equipment/27", "name": "Scimitar"}, "quantity": 1}, {
			"item": { "url": "http://www.dnd5eapi.co/api/equipment/28", "name": "Shortsword"}, "quantity": 1}, {
			"item": { "url": "http://www.dnd5eapi.co/api/equipment/29", "name": "Trident"}, "quantity": 1}, {
			"item": { "url": "http://www.dnd5eapi.co/api/equipment/30", "name": "War pick"}, "quantity": 1}, {
			"item": { "url": "http://www.dnd5eapi.co/api/equipment/31", "name": "Warhammer"}, "quantity": 1}, {
			"item": { "url": "http://www.dnd5eapi.co/api/equipment/32", "name": "Whip"}, "quantity": 1}, {
			"item": { "url": "http://www.dnd5eapi.co/api/equipment/33", "name": "Blowgun"}, "quantity": 1}, {
			"item": { "url": "http://www.dnd5eapi.co/api/equipment/34", "name": "Crossbow, hand"}, "quantity": 1}, {
			"item": { "url": "http://www.dnd5eapi.co/api/equipment/35", "name": "Crossbow, heavy"}, "quantity": 1}, {
			"item": { "url": "http://www.dnd5eapi.co/api/equipment/36", "name": "Longbow"}, "quantity": 1}, {
			"item": { "url": "http://www.dnd5eapi.co/api/equipment/37", "name": "Net"}, "quantity": 1}]
	}],
	"url": "http://www.dnd5eapi.co/api/startingequipment/7"
}, {
	"index": 8,
	"class": {
		"url": "http://www.dnd5eapi.co/api/classes/8",
		"name": "Ranger"
	},
	"starting_equipment": [{
		"item": { "url": "http://www.dnd5eapi.co/api/equipment/36", "name": "Longbow"}, "quantity": 1}, {
		"item": { "url": "http://www.dnd5eapi.co/api/equipment/54", "name": "Arrow"}, "quantity": 20}],
	"choices_to_make": 3,
	"choice_1": [{
		"choose": 1,
		"type": "equipment",
		"from": [{
			"item": { "url": "http://www.dnd5eapi.co/api/equipment/43", "name": "Scale Mail"}, "quantity": 1}]
	}, {
		"choose": 1,
		"type": "equipment",
		"from": [{
			"item": { "url": "http://www.dnd5eapi.co/api/equipment/28", "name": "Shortsword"}, "quantity": 1}]
	}],
	"choice_2": [{
		"choose": 1,
		"type": "equipment",
		"from": [{
			"item": { "url": "http://www.dnd5eapi.co/api/equipment/156", "name": "Dungeoneer's Pack"}, "quantity": 2}]
	}, {
		"choose": 2,
		"type": "equipment",
		"from": [{
			"item": { "url": "http://www.dnd5eapi.co/api/equipment/1", "name": "Club"}, "quantity": 1}, {
			"item": { "url": "http://www.dnd5eapi.co/api/equipment/2", "name": "Dagger"}, "quantity": 1}, {
			"item": { "url": "http://www.dnd5eapi.co/api/equipment/3", "name": "Greatclub"}, "quantity": 1}, {
			"item": { "url": "http://www.dnd5eapi.co/api/equipment/4", "name": "Handaxe"}, "quantity": 1}, {
			"item": { "url": "http://www.dnd5eapi.co/api/equipment/5", "name": "Javelin"}, "quantity": 1}, {
			"item": { "url": "http://www.dnd5eapi.co/api/equipment/6", "name": "Light hammer"}, "quantity": 1}, {
			"item": { "url": "http://www.dnd5eapi.co/api/equipment/7", "name": "Mace"}, "quantity": 1}, {
			"item": { "url": "http://www.dnd5eapi.co/api/equipment/8", "name": "Quarterstaff"}, "quantity": 1}, {
			"item": { "url": "http://www.dnd5eapi.co/api/equipment/9", "name": "Sickle"}, "quantity": 1}, {
			"item": { "url": "http://www.dnd5eapi.co/api/equipment/10", "name": "Spear"}, "quantity": 1}]
	}],
	"choice_3": [{
		"choose": 1,
		"type": "equipment",
		"from": [{
			"item": { "url": "http://www.dnd5eapi.co/api/equipment/156", "name": "Dungeoneer's Pack"}, "quantity": 1}]
	}, {
		"choose": 1,
		"type": "equipment",
		"from": [{
			"item": { "url": "http://www.dnd5eapi.co/api/equipment/158", "name": "Explorer's Pack"}, "quantity": 1}]
	}],
	"url": "http://www.dnd5eapi.co/api/startingequipment/8"
}, {
	"index": 9,
	"class": {
		"url": "http://www.dnd5eapi.co/api/classes/9",
		"name": "Rogue"
	},
	"starting_equipment": [{
		"item": { "url": "http://www.dnd5eapi.co/api/equipment/39", "name": "Leather"}, "quantity": 1}, {
		"item": { "url": "http://www.dnd5eapi.co/api/equipment/2", "name": "Dagger"}, "quantity": 2}, {
		"item": { "url": "http://www.dnd5eapi.co/api/equipment/191", "name": "Thieves' tools"}, "quantity": 1}],
	"choices_to_make": 3,
	"choice_1": [{
		"choose": 1,
		"type": "equipment",
		"from": [{
			"item": { "url": "http://www.dnd5eapi.co/api/equipment/26", "name": "Rapier"}, "quantity": 1}]
	}, {
		"choose": 1,
		"type": "equipment",
		"from": [{
			"item": { "url": "http://www.dnd5eapi.co/api/equipment/28", "name": "Shortsword"}, "quantity": 1}]
	}],
	"choice_2": [{
		"choose": 2,
		"type": "equipment",
		"from": [{
			"item": { "url": "http://www.dnd5eapi.co/api/equipment/13", "name": "Shortbow"}, "quantity": 1}, {
			"item": { "url": "http://www.dnd5eapi.co/api/equipment/54", "name": "Arrow"}, "quantity": 20}]
	}, {
		"choose": 2,
		"type": "equipment",
		"from": [{
			"item": { "url": "http://www.dnd5eapi.co/api/equipment/28", "name": "Shortsword"}, "quantity": 1}]
	}],
	"choice_3": [{
		"choose": 1,
		"type": "equipment",
		"from": [{
			"item": { "url": "http://www.dnd5eapi.co/api/equipment/154", "name": "Burglar's Pack"}, "quantity": 1}]
	}, {
		"choose": 1,
		"type": "equipment",
		"from": [{
			"item": { "url": "http://www.dnd5eapi.co/api/equipment/156", "name": "Dungeoneer's Pack"}, "quantity": 1}]
	}, {
		"choose": 1,
		"type": "equipment",
		"from": [{
			"item": { "url": "http://www.dnd5eapi.co/api/equipment/158", "name": "Explorer's Pack"}, "quantity": 1}]
	}],
	"url": "http://www.dnd5eapi.co/api/startingequipment/9"
}, {
	"index": 10,
	"class": {
		"url": "http://www.dnd5eapi.co/api/classes/10",
		"name": "Sorcerer"
	},
	"starting_equipment": [{
	"item": { "url": "http://www.dnd5eapi.co/api/equipment/2", "name": "Dagger"}, "quantity": 2}],
	"choices_to_make": 3,
	"choice_1": [{
		"choose": 1,
		"type": "equipment",
		"from": [{
			"item": { "url": "http://www.dnd5eapi.co/api/equipment/11", "name": "Crossbow, light"}, "quantity": 1}, {
			"item": { "url": "http://www.dnd5eapi.co/api/equipment/56", "name": "Crossbow bolt"}, "quantity": 20}]
	}, {
		"choose": 1,
		"type": "equipment",
		"from": [{
			"item": { "url": "http://www.dnd5eapi.co/api/equipment/1", "name": "Club"}, "quantity": 1}, {
			"item": { "url": "http://www.dnd5eapi.co/api/equipment/2", "name": "Dagger"}, "quantity": 1}, {
			"item": { "url": "http://www.dnd5eapi.co/api/equipment/3", "name": "Greatclub"}, "quantity": 1}, {
			"item": { "url": "http://www.dnd5eapi.co/api/equipment/4", "name": "Handaxe"}, "quantity": 1}, {
			"item": { "url": "http://www.dnd5eapi.co/api/equipment/5", "name": "Javelin"}, "quantity": 1}, {
			"item": { "url": "http://www.dnd5eapi.co/api/equipment/6", "name": "Light hammer"}, "quantity": 1}, {
			"item": { "url": "http://www.dnd5eapi.co/api/equipment/7", "name": "Mace"}, "quantity": 1}, {
			"item": { "url": "http://www.dnd5eapi.co/api/equipment/8", "name": "Quarterstaff"}, "quantity": 1}, {
			"item": { "url": "http://www.dnd5eapi.co/api/equipment/9", "name": "Sickle"}, "quantity": 1}, {
			"item": { "url": "http://www.dnd5eapi.co/api/equipment/10", "name": "Spear"}, "quantity": 1}, {
			"item": { "url": "http://www.dnd5eapi.co/api/equipment/11", "name": "Crossbow, light"}, "quantity": 1}, {
			"item": { "url": "http://www.dnd5eapi.co/api/equipment/12", "name": "Dart"}, "quantity": 1}, {
			"item": { "url": "http://www.dnd5eapi.co/api/equipment/13", "name": "Shortbow"}, "quantity": 1}, {
			"item": { "url": "http://www.dnd5eapi.co/api/equipment/14", "name": "Sling"}, "quantity": 1}]
	}],
	"choice_2": [{
		"choose": 1,
		"type": "equipment",
		"from": [{
			"item": { "url": "http://www.dnd5eapi.co/api/equipment/87", "name": "Component pouch"}, "quantity": 2}]
	}, {
		"choose": 1,
		"type": "equipment",
		"from": [{
			"item": { "url": "http://www.dnd5eapi.co/api/equipment/60", "name": "Crystal"}, "quantity": 1}, {
			"item": { "url": "http://www.dnd5eapi.co/api/equipment/61", "name": "Orb"}, "quantity": 1}, {
			"item": { "url": "http://www.dnd5eapi.co/api/equipment/62", "name": "Rod"}, "quantity": 1}, {
			"item": { "url": "http://www.dnd5eapi.co/api/equipment/63", "name": "Staff"}, "quantity": 1}, {
			"item": { "url": "http://www.dnd5eapi.co/api/equipment/64", "name": "Wand"}, "quantity": 1}]
	}],
	"choice_3": [{
		"choose": 1,
		"type": "equipment",
		"from": [{
			"item": { "url": "http://www.dnd5eapi.co/api/equipment/156", "name": "Dungeoneer's Pack"}, "quantity": 1}]
	}, {
		"choose": 1,
		"type": "equipment",
		"from": [{
			"item": { "url": "http://www.dnd5eapi.co/api/equipment/158", "name": "Explorer's Pack"}, "quantity": 1}]
	}],
	"url": "http://www.dnd5eapi.co/api/startingequipment/10"
}, {
	"index": 11,
	"class": {
		"url": "http://www.dnd5eapi.co/api/classes/11",
		"name": "Warlock"
	},
	"starting_equipment": [{
		"item": { "url": "http://www.dnd5eapi.co/api/equipment/2", "name": "Dagger"}, "quantity": 2}, {
		"item": { "url": "http://www.dnd5eapi.co/api/equipment/39", "name": "Leather"}, "quantity": 1}],
	"choices_to_make": 4,
	"choice_1": [{
		"choose": 1,
		"type": "equipment",
		"from": [{
			"item": { "url": "http://www.dnd5eapi.co/api/equipment/11", "name": "Crossbow, light"}, "quantity": 1}, {
			"item": { "url": "http://www.dnd5eapi.co/api/equipment/56", "name": "Crossbow bolt"}, "quantity": 20}]
	}, {
		"choose": 1,
		"type": "equipment",
		"from": [{
			"item": { "url": "http://www.dnd5eapi.co/api/equipment/1", "name": "Club"}, "quantity": 1}, {
			"item": { "url": "http://www.dnd5eapi.co/api/equipment/2", "name": "Dagger"}, "quantity": 1}, {
			"item": { "url": "http://www.dnd5eapi.co/api/equipment/3", "name": "Greatclub"}, "quantity": 1}, {
			"item": { "url": "http://www.dnd5eapi.co/api/equipment/4", "name": "Handaxe"}, "quantity": 1}, {
			"item": { "url": "http://www.dnd5eapi.co/api/equipment/5", "name": "Javelin"}, "quantity": 1}, {
			"item": { "url": "http://www.dnd5eapi.co/api/equipment/6", "name": "Light hammer"}, "quantity": 1}, {
			"item": { "url": "http://www.dnd5eapi.co/api/equipment/7", "name": "Mace"}, "quantity": 1}, {
			"item": { "url": "http://www.dnd5eapi.co/api/equipment/8", "name": "Quarterstaff"}, "quantity": 1}, {
			"item": { "url": "http://www.dnd5eapi.co/api/equipment/9", "name": "Sickle"}, "quantity": 1}, {
			"item": { "url": "http://www.dnd5eapi.co/api/equipment/10", "name": "Spear"}, "quantity": 1}, {
			"item": { "url": "http://www.dnd5eapi.co/api/equipment/11", "name": "Crossbow, light"}, "quantity": 1}, {
			"item": { "url": "http://www.dnd5eapi.co/api/equipment/12", "name": "Dart"}, "quantity": 1}, {
			"item": { "url": "http://www.dnd5eapi.co/api/equipment/13", "name": "Shortbow"}, "quantity": 1}, {
			"item": { "url": "http://www.dnd5eapi.co/api/equipment/14", "name": "Sling"}, "quantity": 1}]
	}],
	"choice_2": [{
		"choose": 1,
		"type": "equipment",
		"from": [{
			"item": { "url": "http://www.dnd5eapi.co/api/equipment/87", "name": "Component pouch"}, "quantity": 2}]
	}, {
		"choose": 1,
		"type": "equipment",
		"from": [{
			"item": { "url": "http://www.dnd5eapi.co/api/equipment/60", "name": "Crystal"}, "quantity": 1}, {
			"item": { "url": "http://www.dnd5eapi.co/api/equipment/61", "name": "Orb"}, "quantity": 1}, {
			"item": { "url": "http://www.dnd5eapi.co/api/equipment/62", "name": "Rod"}, "quantity": 1}, {
			"item": { "url": "http://www.dnd5eapi.co/api/equipment/63", "name": "Staff"}, "quantity": 1}, {
			"item": { "url": "http://www.dnd5eapi.co/api/equipment/64", "name": "Wand"}, "quantity": 1}]
	}],
	"choice_3": [{
		"choose": 1,
		"type": "equipment",
		"from": [{
			"item": { "url": "http://www.dnd5eapi.co/api/equipment/160", "name": "Scholar's Pack"}, "quantity": 1}]
	}, {
		"choose": 1,
		"type": "equipment",
		"from": [{
			"item": { "url": "http://www.dnd5eapi.co/api/equipment/156", "name": "Dungeoneer's Pack"}, "quantity": 1}]
	}],
	"choice_4": [{
		"choose": 1,
		"type": "equipment",
		"from": [{
			"item": { "url": "http://www.dnd5eapi.co/api/equipment/1", "name": "Club"}, "quantity": 1}, {
			"item": { "url": "http://www.dnd5eapi.co/api/equipment/2", "name": "Dagger"}, "quantity": 1}, {
			"item": { "url": "http://www.dnd5eapi.co/api/equipment/3", "name": "Greatclub"}, "quantity": 1}, {
			"item": { "url": "http://www.dnd5eapi.co/api/equipment/4", "name": "Handaxe"}, "quantity": 1}, {
			"item": { "url": "http://www.dnd5eapi.co/api/equipment/5", "name": "Javelin"}, "quantity": 1}, {
			"item": { "url": "http://www.dnd5eapi.co/api/equipment/6", "name": "Light hammer"}, "quantity": 1}, {
			"item": { "url": "http://www.dnd5eapi.co/api/equipment/7", "name": "Mace"}, "quantity": 1}, {
			"item": { "url": "http://www.dnd5eapi.co/api/equipment/8", "name": "Quarterstaff"}, "quantity": 1}, {
			"item": { "url": "http://www.dnd5eapi.co/api/equipment/9", "name": "Sickle"}, "quantity": 1}, {
			"item": { "url": "http://www.dnd5eapi.co/api/equipment/10", "name": "Spear"}, "quantity": 1}, {
			"item": { "url": "http://www.dnd5eapi.co/api/equipment/11", "name": "Crossbow, light"}, "quantity": 1}, {
			"item": { "url": "http://www.dnd5eapi.co/api/equipment/12", "name": "Dart"}, "quantity": 1}, {
			"item": { "url": "http://www.dnd5eapi.co/api/equipment/13", "name": "Shortbow"}, "quantity": 1}, {
			"item": { "url": "http://www.dnd5eapi.co/api/equipment/14", "name": "Sling"}, "quantity": 1}]
	}],
	"url": "http://www.dnd5eapi.co/api/startingequipment/11"
}, {
	"index": 12,
	"class": {
		"url": "http://www.dnd5eapi.co/api/classes/12",
		"name": "Wizard"
	},
	"starting_equipment": [{
	"item": { "url": "http://www.dnd5eapi.co/api/equipment/145", "name": "Spellbook"}, "quantity": 1}],
	"choices_to_make": 3,
	"choice_1": [{
		"choose": 1,
		"type": "equipment",
		"from": [{
			"item": { "url": "http://www.dnd5eapi.co/api/equipment/2", "name": "Dagger"}, "quantity": 1}]
	}, {
		"choose": 1,
		"type": "equipment",
		"from": [{
			"item": { "url": "http://www.dnd5eapi.co/api/equipment/8", "name": "Quarterstaff"}, "quantity": 1}]
	}],
	"choice_2": [{
		"choose": 1,
		"type": "equipment",
		"from": [{
			"item": { "url": "http://www.dnd5eapi.co/api/equipment/87", "name": "Component pouch"}, "quantity": 2}]
	}, {
		"choose": 1,
		"type": "equipment",
		"from": [{
			"item": { "url": "http://www.dnd5eapi.co/api/equipment/60", "name": "Crystal"}, "quantity": 1}, {
			"item": { "url": "http://www.dnd5eapi.co/api/equipment/61", "name": "Orb"}, "quantity": 1}, {
			"item": { "url": "http://www.dnd5eapi.co/api/equipment/62", "name": "Rod"}, "quantity": 1}, {
			"item": { "url": "http://www.dnd5eapi.co/api/equipment/63", "name": "Staff"}, "quantity": 1}, {
			"item": { "url": "http://www.dnd5eapi.co/api/equipment/64", "name": "Wand"}, "quantity": 1}]
	}],
	"choice_3": [{
		"choose": 1,
		"type": "equipment",
		"from": [{
			"item": { "url": "http://www.dnd5eapi.co/api/equipment/160", "name": "Scholar's Pack"}, "quantity": 1}]
	}, {
		"choose": 1,
		"type": "equipment",
		"from": [{
			"item": { "url": "http://www.dnd5eapi.co/api/equipment/156", "name": "Dungeoneer's Pack"}, "quantity": 1}]
	}],
	"url": "http://www.dnd5eapi.co/api/startingequipment/12"
}]
